2025-03-06 08:15:28.983 [main] INFO  com.practice.QLTV.QltvApplication - Starting QltvApplication using Java 21.0.5 with PID 17428 (D:\Work\Task\QLTV\target\classes started by ACER in D:\Work\Task\QLTV)
2025-03-06 08:15:29.004 [main] DEBUG com.practice.QLTV.QltvApplication - Running with Spring Boot v3.3.4, Spring v6.1.13
2025-03-06 08:15:29.005 [main] INFO  com.practice.QLTV.QltvApplication - No active profile set, falling back to 1 default profile: "default"
2025-03-06 08:15:30.640 [main] INFO  o.s.d.r.c.RepositoryConfigurationDelegate - Bootstrapping Spring Data JPA repositories in DEFAULT mode.
2025-03-06 08:15:30.793 [main] INFO  o.s.d.r.c.RepositoryConfigurationDelegate - Finished Spring Data repository scanning in 145 ms. Found 9 JPA repository interfaces.
2025-03-06 08:15:32.185 [main] INFO  o.s.b.w.e.tomcat.TomcatWebServer - Tomcat initialized with port 6060 (http)
2025-03-06 08:15:32.241 [main] INFO  o.a.coyote.http11.Http11NioProtocol - Initializing ProtocolHandler ["http-nio-6060"]
2025-03-06 08:15:32.257 [main] INFO  o.a.catalina.core.StandardService - Starting service [Tomcat]
2025-03-06 08:15:32.257 [main] INFO  o.a.catalina.core.StandardEngine - Starting Servlet engine: [Apache Tomcat/10.1.30]
2025-03-06 08:15:32.485 [main] INFO  o.a.c.c.C.[.[localhost].[/QLTV] - Initializing Spring embedded WebApplicationContext
2025-03-06 08:15:32.489 [main] INFO  o.s.b.w.s.c.ServletWebServerApplicationContext - Root WebApplicationContext: initialization completed in 3399 ms
2025-03-06 08:15:33.172 [main] INFO  o.h.jpa.internal.util.LogHelper - HHH000204: Processing PersistenceUnitInfo [name: default]
2025-03-06 08:15:33.318 [main] INFO  org.hibernate.Version - HHH000412: Hibernate ORM core version 6.5.3.Final
2025-03-06 08:15:33.374 [main] INFO  o.h.c.i.RegionFactoryInitiator - HHH000026: Second-level cache disabled
2025-03-06 08:15:33.939 [main] INFO  o.s.o.j.p.SpringPersistenceUnitInfo - No LoadTimeWeaver setup: ignoring JPA class transformer
2025-03-06 08:15:33.987 [main] INFO  com.zaxxer.hikari.HikariDataSource - HikariPool-1 - Starting...
2025-03-06 08:15:34.625 [main] INFO  com.zaxxer.hikari.pool.HikariPool - HikariPool-1 - Added connection com.mysql.cj.jdbc.ConnectionImpl@451af781
2025-03-06 08:15:34.625 [main] INFO  com.zaxxer.hikari.HikariDataSource - HikariPool-1 - Start completed.
2025-03-06 08:15:34.705 [main] WARN  org.hibernate.orm.deprecation - HHH90000025: MySQL8Dialect does not need to be specified explicitly using 'hibernate.dialect' (remove the property setting and it will be selected by default)
2025-03-06 08:15:34.705 [main] WARN  org.hibernate.orm.deprecation - HHH90000026: MySQL8Dialect has been deprecated; use org.hibernate.dialect.MySQLDialect instead
2025-03-06 08:15:36.477 [main] INFO  o.h.e.t.j.p.i.JtaPlatformInitiator - HHH000489: No JTA platform available (set 'hibernate.transaction.jta.platform' to enable JTA platform integration)
2025-03-06 08:15:36.591 [main] INFO  o.s.o.j.LocalContainerEntityManagerFactoryBean - Initialized JPA EntityManagerFactory for persistence unit 'default'
2025-03-06 08:15:36.986 [main] INFO  o.s.d.j.r.query.QueryEnhancerFactory - Hibernate is in classpath; If applicable, HQL parser will be used.
2025-03-06 08:15:39.318 [main] WARN  o.s.b.a.o.j.JpaBaseConfiguration$JpaWebConfiguration - spring.jpa.open-in-view is enabled by default. Therefore, database queries may be performed during view rendering. Explicitly configure spring.jpa.open-in-view to disable this warning
2025-03-06 08:15:40.370 [main] DEBUG c.p.Q.c.SecurityConfigGenerator - Processing controller: UserController, basePath: /api/users
2025-03-06 08:15:40.374 [main] DEBUG c.p.Q.c.SecurityConfigGenerator - Full Path from pattern (cleaned): /api/users/{id}
2025-03-06 08:15:40.374 [main] DEBUG c.p.Q.c.SecurityConfigGenerator - Full Path: /api/users/{id}, HTTP Method: PUT
2025-03-06 08:15:40.633 [main] DEBUG c.p.Q.c.SecurityConfigGenerator - Processing controller: RoleGroupFunctionController, basePath: /api/role-functions
2025-03-06 08:15:40.633 [main] DEBUG c.p.Q.c.SecurityConfigGenerator - Full Path from pattern (cleaned): /api/role-functions
2025-03-06 08:15:40.633 [main] DEBUG c.p.Q.c.SecurityConfigGenerator - Full Path: /api/role-functions, HTTP Method: POST
2025-03-06 08:15:40.641 [main] DEBUG c.p.Q.c.SecurityConfigGenerator - Processing controller: BorrowController, basePath: /api/borrows
2025-03-06 08:15:40.641 [main] DEBUG c.p.Q.c.SecurityConfigGenerator - Full Path from pattern (cleaned): /api/borrows
2025-03-06 08:15:40.641 [main] DEBUG c.p.Q.c.SecurityConfigGenerator - Full Path: /api/borrows, HTTP Method: GET
2025-03-06 08:15:40.641 [main] DEBUG c.p.Q.c.SecurityConfigGenerator - Processing controller: AuthenticationController, basePath: /api/auth
2025-03-06 08:15:40.641 [main] DEBUG c.p.Q.c.SecurityConfigGenerator - Full Path from pattern (cleaned): /api/auth/logout
2025-03-06 08:15:40.641 [main] DEBUG c.p.Q.c.SecurityConfigGenerator - Full Path: /api/auth/logout, HTTP Method: POST
2025-03-06 08:15:40.649 [main] DEBUG c.p.Q.c.SecurityConfigGenerator - Processing controller: CategoryController, basePath: /api/categories
2025-03-06 08:15:40.649 [main] DEBUG c.p.Q.c.SecurityConfigGenerator - Full Path from pattern (cleaned): /api/categories
2025-03-06 08:15:40.649 [main] DEBUG c.p.Q.c.SecurityConfigGenerator - Full Path: /api/categories, HTTP Method: POST
2025-03-06 08:15:40.649 [main] DEBUG c.p.Q.c.SecurityConfigGenerator - Processing controller: RoleGroupFunctionController, basePath: /api/role-functions
2025-03-06 08:15:40.649 [main] DEBUG c.p.Q.c.SecurityConfigGenerator - Full Path from pattern (cleaned): /api/role-functions/{roleGroupId}/functions
2025-03-06 08:15:40.649 [main] DEBUG c.p.Q.c.SecurityConfigGenerator - Full Path: /api/role-functions/{roleGroupId}/functions, HTTP Method: GET
2025-03-06 08:15:40.657 [main] DEBUG c.p.Q.c.SecurityConfigGenerator - Processing controller: CategoryController, basePath: /api/categories
2025-03-06 08:15:40.657 [main] DEBUG c.p.Q.c.SecurityConfigGenerator - Full Path from pattern (cleaned): /api/categories/batch
2025-03-06 08:15:40.657 [main] DEBUG c.p.Q.c.SecurityConfigGenerator - Full Path: /api/categories/batch, HTTP Method: POST
2025-03-06 08:15:40.657 [main] DEBUG c.p.Q.c.SecurityConfigGenerator - Processing controller: BorrowController, basePath: /api/borrows
2025-03-06 08:15:40.657 [main] DEBUG c.p.Q.c.SecurityConfigGenerator - Full Path from pattern (cleaned): /api/borrows
2025-03-06 08:15:40.657 [main] DEBUG c.p.Q.c.SecurityConfigGenerator - Full Path: /api/borrows, HTTP Method: POST
2025-03-06 08:15:40.665 [main] DEBUG c.p.Q.c.SecurityConfigGenerator - Processing controller: FunctionController, basePath: /api/functions
2025-03-06 08:15:40.665 [main] DEBUG c.p.Q.c.SecurityConfigGenerator - Full Path from pattern (cleaned): /api/functions
2025-03-06 08:15:40.665 [main] DEBUG c.p.Q.c.SecurityConfigGenerator - Full Path: /api/functions, HTTP Method: GET
2025-03-06 08:15:40.665 [main] DEBUG c.p.Q.c.SecurityConfigGenerator - Processing controller: SwaggerConfigResource, basePath: 
2025-03-06 08:15:40.665 [main] DEBUG c.p.Q.c.SecurityConfigGenerator - Full Path from pattern (cleaned): /v3/api-docs/swagger-config
2025-03-06 08:15:40.665 [main] DEBUG c.p.Q.c.SecurityConfigGenerator - Full Path: /v3/api-docs/swagger-config, HTTP Method: GET
2025-03-06 08:15:40.665 [main] DEBUG c.p.Q.c.SecurityConfigGenerator - Processing controller: BookController, basePath: /api/books
2025-03-06 08:15:40.673 [main] DEBUG c.p.Q.c.SecurityConfigGenerator - Full Path from pattern (cleaned): /api/books/export
2025-03-06 08:15:40.673 [main] DEBUG c.p.Q.c.SecurityConfigGenerator - Full Path: /api/books/export, HTTP Method: GET
2025-03-06 08:15:40.673 [main] DEBUG c.p.Q.c.SecurityConfigGenerator - Processing controller: PostController, basePath: /api/posts
2025-03-06 08:15:40.673 [main] DEBUG c.p.Q.c.SecurityConfigGenerator - Full Path from pattern (cleaned): /api/posts/like
2025-03-06 08:15:40.673 [main] DEBUG c.p.Q.c.SecurityConfigGenerator - Full Path: /api/posts/like, HTTP Method: POST
2025-03-06 08:15:40.673 [main] DEBUG c.p.Q.c.SecurityConfigGenerator - Processing controller: BookController, basePath: /api/books
2025-03-06 08:15:40.673 [main] DEBUG c.p.Q.c.SecurityConfigGenerator - Full Path from pattern (cleaned): /api/books
2025-03-06 08:15:40.681 [main] DEBUG c.p.Q.c.SecurityConfigGenerator - Full Path: /api/books, HTTP Method: GET
2025-03-06 08:15:40.681 [main] DEBUG c.p.Q.c.SecurityConfigGenerator - Processing controller: AuthenticationController, basePath: /api/auth
2025-03-06 08:15:40.681 [main] DEBUG c.p.Q.c.SecurityConfigGenerator - Full Path from pattern (cleaned): /api/auth/introspect
2025-03-06 08:15:40.681 [main] DEBUG c.p.Q.c.SecurityConfigGenerator - Full Path: /api/auth/introspect, HTTP Method: POST
2025-03-06 08:15:40.689 [main] DEBUG c.p.Q.c.SecurityConfigGenerator - Processing controller: UserController, basePath: /api/users
2025-03-06 08:15:40.689 [main] DEBUG c.p.Q.c.SecurityConfigGenerator - Full Path from pattern (cleaned): /api/users/{id}
2025-03-06 08:15:40.689 [main] DEBUG c.p.Q.c.SecurityConfigGenerator - Full Path: /api/users/{id}, HTTP Method: GET
2025-03-06 08:15:40.689 [main] DEBUG c.p.Q.c.SecurityConfigGenerator - Processing controller: UserController, basePath: /api/users
2025-03-06 08:15:40.689 [main] DEBUG c.p.Q.c.SecurityConfigGenerator - Full Path from pattern (cleaned): /api/users
2025-03-06 08:15:40.689 [main] DEBUG c.p.Q.c.SecurityConfigGenerator - Full Path: /api/users, HTTP Method: POST
2025-03-06 08:15:40.698 [main] DEBUG c.p.Q.c.SecurityConfigGenerator - Processing controller: FunctionController, basePath: /api/functions
2025-03-06 08:15:40.698 [main] DEBUG c.p.Q.c.SecurityConfigGenerator - Full Path from pattern (cleaned): /api/functions
2025-03-06 08:15:40.698 [main] DEBUG c.p.Q.c.SecurityConfigGenerator - Full Path: /api/functions, HTTP Method: POST
2025-03-06 08:15:40.698 [main] DEBUG c.p.Q.c.SecurityConfigGenerator - Processing controller: PostController, basePath: /api/posts
2025-03-06 08:15:40.698 [main] DEBUG c.p.Q.c.SecurityConfigGenerator - Full Path from pattern (cleaned): /api/posts/{postId}
2025-03-06 08:15:40.698 [main] DEBUG c.p.Q.c.SecurityConfigGenerator - Full Path: /api/posts/{postId}, HTTP Method: DELETE
2025-03-06 08:15:40.705 [main] DEBUG c.p.Q.c.SecurityConfigGenerator - Processing controller: UserController, basePath: /api/users
2025-03-06 08:15:40.705 [main] DEBUG c.p.Q.c.SecurityConfigGenerator - Full Path from pattern (cleaned): /api/users/search/advanced
2025-03-06 08:15:40.705 [main] DEBUG c.p.Q.c.SecurityConfigGenerator - Full Path: /api/users/search/advanced, HTTP Method: GET
2025-03-06 08:15:40.705 [main] DEBUG c.p.Q.c.SecurityConfigGenerator - Processing controller: PostController, basePath: /api/posts
2025-03-06 08:15:40.705 [main] DEBUG c.p.Q.c.SecurityConfigGenerator - Full Path from pattern (cleaned): /api/posts/{postId}
2025-03-06 08:15:40.705 [main] DEBUG c.p.Q.c.SecurityConfigGenerator - Full Path: /api/posts/{postId}, HTTP Method: PUT
2025-03-06 08:15:40.713 [main] DEBUG c.p.Q.c.SecurityConfigGenerator - Processing controller: BorrowController, basePath: /api/borrows
2025-03-06 08:15:40.713 [main] DEBUG c.p.Q.c.SecurityConfigGenerator - Full Path from pattern (cleaned): /api/borrows/{borrowId}
2025-03-06 08:15:40.713 [main] DEBUG c.p.Q.c.SecurityConfigGenerator - Full Path: /api/borrows/{borrowId}, HTTP Method: DELETE
2025-03-06 08:15:40.713 [main] DEBUG c.p.Q.c.SecurityConfigGenerator - Processing controller: BorrowController, basePath: /api/borrows
2025-03-06 08:15:40.713 [main] DEBUG c.p.Q.c.SecurityConfigGenerator - Full Path from pattern (cleaned): /api/borrows/{borrowId}
2025-03-06 08:15:40.713 [main] DEBUG c.p.Q.c.SecurityConfigGenerator - Full Path: /api/borrows/{borrowId}, HTTP Method: PUT
2025-03-06 08:15:40.722 [main] DEBUG c.p.Q.c.SecurityConfigGenerator - Processing controller: BookController, basePath: /api/books
2025-03-06 08:15:40.722 [main] DEBUG c.p.Q.c.SecurityConfigGenerator - Full Path from pattern (cleaned): /api/books
2025-03-06 08:15:40.722 [main] DEBUG c.p.Q.c.SecurityConfigGenerator - Full Path: /api/books, HTTP Method: POST
2025-03-06 08:15:40.722 [main] DEBUG c.p.Q.c.SecurityConfigGenerator - Processing controller: AuthenticationController, basePath: /api/auth
2025-03-06 08:15:40.722 [main] DEBUG c.p.Q.c.SecurityConfigGenerator - Full Path from pattern (cleaned): /api/auth/token
2025-03-06 08:15:40.722 [main] DEBUG c.p.Q.c.SecurityConfigGenerator - Full Path: /api/auth/token, HTTP Method: POST
2025-03-06 08:15:40.730 [main] DEBUG c.p.Q.c.SecurityConfigGenerator - Processing controller: PostController, basePath: /api/posts
2025-03-06 08:15:40.730 [main] DEBUG c.p.Q.c.SecurityConfigGenerator - Full Path from pattern (cleaned): /api/posts/{postId}/comments
2025-03-06 08:15:40.730 [main] DEBUG c.p.Q.c.SecurityConfigGenerator - Full Path: /api/posts/{postId}/comments, HTTP Method: GET
2025-03-06 08:15:40.734 [main] DEBUG c.p.Q.c.SecurityConfigGenerator - Processing controller: UserController, basePath: /api/users
2025-03-06 08:15:40.734 [main] DEBUG c.p.Q.c.SecurityConfigGenerator - Full Path from pattern (cleaned): /api/users/search
2025-03-06 08:15:40.734 [main] DEBUG c.p.Q.c.SecurityConfigGenerator - Full Path: /api/users/search, HTTP Method: POST
2025-03-06 08:15:40.738 [main] DEBUG c.p.Q.c.SecurityConfigGenerator - Processing controller: CategoryController, basePath: /api/categories
2025-03-06 08:15:40.738 [main] DEBUG c.p.Q.c.SecurityConfigGenerator - Full Path from pattern (cleaned): /api/categories/name/{name}
2025-03-06 08:15:40.738 [main] DEBUG c.p.Q.c.SecurityConfigGenerator - Full Path: /api/categories/name/{name}, HTTP Method: GET
2025-03-06 08:15:40.738 [main] DEBUG c.p.Q.c.SecurityConfigGenerator - Processing controller: BookController, basePath: /api/books
2025-03-06 08:15:40.738 [main] DEBUG c.p.Q.c.SecurityConfigGenerator - Full Path from pattern (cleaned): /api/books/batch
2025-03-06 08:15:40.738 [main] DEBUG c.p.Q.c.SecurityConfigGenerator - Full Path: /api/books/batch, HTTP Method: POST
2025-03-06 08:15:40.738 [main] DEBUG c.p.Q.c.SecurityConfigGenerator - Processing controller: BasicErrorController, basePath: ${server.error.path:${error.path:/error}}
2025-03-06 08:15:40.738 [main] DEBUG c.p.Q.c.SecurityConfigGenerator - Full Path from pattern (cleaned): /error
2025-03-06 08:15:40.738 [main] DEBUG c.p.Q.c.SecurityConfigGenerator - Processing controller: RoleGroupController, basePath: /api/roles
2025-03-06 08:15:40.738 [main] DEBUG c.p.Q.c.SecurityConfigGenerator - Full Path from pattern (cleaned): /api/roles/{id}
2025-03-06 08:15:40.746 [main] DEBUG c.p.Q.c.SecurityConfigGenerator - Full Path: /api/roles/{id}, HTTP Method: DELETE
2025-03-06 08:15:40.746 [main] DEBUG c.p.Q.c.SecurityConfigGenerator - Processing controller: BorrowController, basePath: /api/borrows
2025-03-06 08:15:40.746 [main] DEBUG c.p.Q.c.SecurityConfigGenerator - Full Path from pattern (cleaned): /api/borrows/{borrowId}/return
2025-03-06 08:15:40.746 [main] DEBUG c.p.Q.c.SecurityConfigGenerator - Full Path: /api/borrows/{borrowId}/return, HTTP Method: POST
2025-03-06 08:15:40.746 [main] DEBUG c.p.Q.c.SecurityConfigGenerator - Processing controller: RoleGroupController, basePath: /api/roles
2025-03-06 08:15:40.746 [main] DEBUG c.p.Q.c.SecurityConfigGenerator - Full Path from pattern (cleaned): /api/roles
2025-03-06 08:15:40.746 [main] DEBUG c.p.Q.c.SecurityConfigGenerator - Full Path: /api/roles, HTTP Method: GET
2025-03-06 08:15:40.754 [main] DEBUG c.p.Q.c.SecurityConfigGenerator - Processing controller: RoleGroupFunctionController, basePath: /api/role-functions
2025-03-06 08:15:40.754 [main] DEBUG c.p.Q.c.SecurityConfigGenerator - Full Path from pattern (cleaned): /api/role-functions/assign-all-to-admin
2025-03-06 08:15:40.754 [main] DEBUG c.p.Q.c.SecurityConfigGenerator - Full Path: /api/role-functions/assign-all-to-admin, HTTP Method: POST
2025-03-06 08:15:40.754 [main] DEBUG c.p.Q.c.SecurityConfigGenerator - Processing controller: UserController, basePath: /api/users
2025-03-06 08:15:40.754 [main] DEBUG c.p.Q.c.SecurityConfigGenerator - Full Path from pattern (cleaned): /api/users/{id}/status
2025-03-06 08:15:40.754 [main] DEBUG c.p.Q.c.SecurityConfigGenerator - Full Path: /api/users/{id}/status, HTTP Method: PATCH
2025-03-06 08:15:40.762 [main] DEBUG c.p.Q.c.SecurityConfigGenerator - Processing controller: PostController, basePath: /api/posts
2025-03-06 08:15:40.762 [main] DEBUG c.p.Q.c.SecurityConfigGenerator - Full Path from pattern (cleaned): /api/posts/comment
2025-03-06 08:15:40.762 [main] DEBUG c.p.Q.c.SecurityConfigGenerator - Full Path: /api/posts/comment, HTTP Method: POST
2025-03-06 08:15:40.765 [main] DEBUG c.p.Q.c.SecurityConfigGenerator - Processing controller: PostController, basePath: /api/posts
2025-03-06 08:15:40.765 [main] DEBUG c.p.Q.c.SecurityConfigGenerator - Full Path from pattern (cleaned): /api/posts/search
2025-03-06 08:15:40.765 [main] DEBUG c.p.Q.c.SecurityConfigGenerator - Full Path: /api/posts/search, HTTP Method: GET
2025-03-06 08:15:40.765 [main] DEBUG c.p.Q.c.SecurityConfigGenerator - Processing controller: BorrowController, basePath: /api/borrows
2025-03-06 08:15:40.765 [main] DEBUG c.p.Q.c.SecurityConfigGenerator - Full Path from pattern (cleaned): /api/borrows/{borrowId}
2025-03-06 08:15:40.765 [main] DEBUG c.p.Q.c.SecurityConfigGenerator - Full Path: /api/borrows/{borrowId}, HTTP Method: GET
2025-03-06 08:15:40.770 [main] DEBUG c.p.Q.c.SecurityConfigGenerator - Processing controller: FunctionController, basePath: /api/functions
2025-03-06 08:15:40.770 [main] DEBUG c.p.Q.c.SecurityConfigGenerator - Full Path from pattern (cleaned): /api/functions/{functionCode}
2025-03-06 08:15:40.770 [main] DEBUG c.p.Q.c.SecurityConfigGenerator - Full Path: /api/functions/{functionCode}, HTTP Method: GET
2025-03-06 08:15:40.770 [main] DEBUG c.p.Q.c.SecurityConfigGenerator - Processing controller: BookController, basePath: /api/books
2025-03-06 08:15:40.770 [main] DEBUG c.p.Q.c.SecurityConfigGenerator - Full Path from pattern (cleaned): /api/books/{title}
2025-03-06 08:15:40.770 [main] DEBUG c.p.Q.c.SecurityConfigGenerator - Full Path: /api/books/{title}, HTTP Method: DELETE
2025-03-06 08:15:40.770 [main] DEBUG c.p.Q.c.SecurityConfigGenerator - Processing controller: CategoryController, basePath: /api/categories
2025-03-06 08:15:40.770 [main] DEBUG c.p.Q.c.SecurityConfigGenerator - Full Path from pattern (cleaned): /api/categories/{id}
2025-03-06 08:15:40.770 [main] DEBUG c.p.Q.c.SecurityConfigGenerator - Full Path: /api/categories/{id}, HTTP Method: DELETE
2025-03-06 08:15:40.778 [main] DEBUG c.p.Q.c.SecurityConfigGenerator - Processing controller: OpenApiWebMvcResource, basePath: 
2025-03-06 08:15:40.778 [main] DEBUG c.p.Q.c.SecurityConfigGenerator - Full Path from pattern (cleaned): /v3/api-docs
2025-03-06 08:15:40.778 [main] DEBUG c.p.Q.c.SecurityConfigGenerator - Full Path: /v3/api-docs, HTTP Method: GET
2025-03-06 08:15:40.778 [main] DEBUG c.p.Q.c.SecurityConfigGenerator - Processing controller: CategoryController, basePath: /api/categories
2025-03-06 08:15:40.778 [main] DEBUG c.p.Q.c.SecurityConfigGenerator - Full Path from pattern (cleaned): /api/categories/{id}
2025-03-06 08:15:40.778 [main] DEBUG c.p.Q.c.SecurityConfigGenerator - Full Path: /api/categories/{id}, HTTP Method: PUT
2025-03-06 08:15:40.786 [main] DEBUG c.p.Q.c.SecurityConfigGenerator - Processing controller: RoleGroupController, basePath: /api/roles
2025-03-06 08:15:40.786 [main] DEBUG c.p.Q.c.SecurityConfigGenerator - Full Path from pattern (cleaned): /api/roles
2025-03-06 08:15:40.786 [main] DEBUG c.p.Q.c.SecurityConfigGenerator - Full Path: /api/roles, HTTP Method: POST
2025-03-06 08:15:40.786 [main] DEBUG c.p.Q.c.SecurityConfigGenerator - Processing controller: RoleGroupFunctionController, basePath: /api/role-functions
2025-03-06 08:15:40.786 [main] DEBUG c.p.Q.c.SecurityConfigGenerator - Full Path from pattern (cleaned): /api/role-functions/{roleId}
2025-03-06 08:15:40.786 [main] DEBUG c.p.Q.c.SecurityConfigGenerator - Full Path: /api/role-functions/{roleId}, HTTP Method: GET
2025-03-06 08:15:40.795 [main] DEBUG c.p.Q.c.SecurityConfigGenerator - Processing controller: BasicErrorController, basePath: ${server.error.path:${error.path:/error}}
2025-03-06 08:15:40.795 [main] DEBUG c.p.Q.c.SecurityConfigGenerator - Full Path from pattern (cleaned): /error
2025-03-06 08:15:40.795 [main] DEBUG c.p.Q.c.SecurityConfigGenerator - Processing controller: BorrowController, basePath: /api/borrows
2025-03-06 08:15:40.795 [main] DEBUG c.p.Q.c.SecurityConfigGenerator - Full Path from pattern (cleaned): /api/borrows/user/{userId}
2025-03-06 08:15:40.795 [main] DEBUG c.p.Q.c.SecurityConfigGenerator - Full Path: /api/borrows/user/{userId}, HTTP Method: GET
2025-03-06 08:15:40.795 [main] DEBUG c.p.Q.c.SecurityConfigGenerator - Processing controller: RoleGroupController, basePath: /api/roles
2025-03-06 08:15:40.795 [main] DEBUG c.p.Q.c.SecurityConfigGenerator - Full Path from pattern (cleaned): /api/roles/{id}
2025-03-06 08:15:40.795 [main] DEBUG c.p.Q.c.SecurityConfigGenerator - Full Path: /api/roles/{id}, HTTP Method: GET
2025-03-06 08:15:40.795 [main] DEBUG c.p.Q.c.SecurityConfigGenerator - Processing controller: PostController, basePath: /api/posts
2025-03-06 08:15:40.795 [main] DEBUG c.p.Q.c.SecurityConfigGenerator - Full Path from pattern (cleaned): /api/posts
2025-03-06 08:15:40.795 [main] DEBUG c.p.Q.c.SecurityConfigGenerator - Full Path: /api/posts, HTTP Method: POST
2025-03-06 08:15:40.803 [main] DEBUG c.p.Q.c.SecurityConfigGenerator - Processing controller: OpenApiWebMvcResource, basePath: 
2025-03-06 08:15:40.803 [main] DEBUG c.p.Q.c.SecurityConfigGenerator - Full Path from pattern (cleaned): /v3/api-docs.yaml
2025-03-06 08:15:40.803 [main] DEBUG c.p.Q.c.SecurityConfigGenerator - Full Path: /v3/api-docs.yaml, HTTP Method: GET
2025-03-06 08:15:40.803 [main] DEBUG c.p.Q.c.SecurityConfigGenerator - Processing controller: UserController, basePath: /api/users
2025-03-06 08:15:40.803 [main] DEBUG c.p.Q.c.SecurityConfigGenerator - Full Path from pattern (cleaned): /api/users/myinfo
2025-03-06 08:15:40.803 [main] DEBUG c.p.Q.c.SecurityConfigGenerator - Full Path: /api/users/myinfo, HTTP Method: GET
2025-03-06 08:15:40.811 [main] DEBUG c.p.Q.c.SecurityConfigGenerator - Processing controller: BookController, basePath: /api/books
2025-03-06 08:15:40.811 [main] DEBUG c.p.Q.c.SecurityConfigGenerator - Full Path from pattern (cleaned): /api/books/{title}
2025-03-06 08:15:40.811 [main] DEBUG c.p.Q.c.SecurityConfigGenerator - Full Path: /api/books/{title}, HTTP Method: GET
2025-03-06 08:15:40.811 [main] DEBUG c.p.Q.c.SecurityConfigGenerator - Processing controller: UserController, basePath: /api/users
2025-03-06 08:15:40.811 [main] DEBUG c.p.Q.c.SecurityConfigGenerator - Full Path from pattern (cleaned): /api/users
2025-03-06 08:15:40.819 [main] DEBUG c.p.Q.c.SecurityConfigGenerator - Full Path: /api/users, HTTP Method: GET
2025-03-06 08:15:40.819 [main] DEBUG c.p.Q.c.SecurityConfigGenerator - Processing controller: CategoryController, basePath: /api/categories
2025-03-06 08:15:40.819 [main] DEBUG c.p.Q.c.SecurityConfigGenerator - Full Path from pattern (cleaned): /api/categories
2025-03-06 08:15:40.819 [main] DEBUG c.p.Q.c.SecurityConfigGenerator - Full Path: /api/categories, HTTP Method: GET
2025-03-06 08:15:40.828 [main] DEBUG c.p.Q.c.SecurityConfigGenerator - Processing controller: SwaggerWelcomeWebMvc, basePath: 
2025-03-06 08:15:40.828 [main] DEBUG c.p.Q.c.SecurityConfigGenerator - Full Path from pattern (cleaned): /swagger-ui.html
2025-03-06 08:15:40.828 [main] DEBUG c.p.Q.c.SecurityConfigGenerator - Full Path: /swagger-ui.html, HTTP Method: GET
2025-03-06 08:15:40.828 [main] DEBUG c.p.Q.c.SecurityConfigGenerator - Processing controller: CategoryController, basePath: /api/categories
2025-03-06 08:15:40.828 [main] DEBUG c.p.Q.c.SecurityConfigGenerator - Full Path from pattern (cleaned): /api/categories/{id}
2025-03-06 08:15:40.828 [main] DEBUG c.p.Q.c.SecurityConfigGenerator - Full Path: /api/categories/{id}, HTTP Method: GET
2025-03-06 08:15:40.835 [main] ERROR c.p.Q.c.SecurityConfigGenerator - Failed to write properties file: D:\Work\Task\QLTV-master\QLTV\src\main\resources\role.properties (The system cannot find the path specified)
java.io.FileNotFoundException: D:\Work\Task\QLTV-master\QLTV\src\main\resources\role.properties (The system cannot find the path specified)
	at java.base/java.io.FileOutputStream.open0(Native Method)
	at java.base/java.io.FileOutputStream.open(FileOutputStream.java:289)
	at java.base/java.io.FileOutputStream.<init>(FileOutputStream.java:230)
	at java.base/java.io.FileOutputStream.<init>(FileOutputStream.java:118)
	at com.practice.QLTV.configuration.SecurityConfigGenerator.writePropertiesFile(SecurityConfigGenerator.java:127)
	at com.practice.QLTV.configuration.SecurityConfigGenerator.generateSecurityMappings(SecurityConfigGenerator.java:63)
	at com.practice.QLTV.configuration.SecurityConfigGenerator$$SpringCGLIB$$0.CGLIB$generateSecurityMappings$0(<generated>)
	at com.practice.QLTV.configuration.SecurityConfigGenerator$$SpringCGLIB$$FastClass$$1.invoke(<generated>)
	at org.springframework.cglib.proxy.MethodProxy.invokeSuper(MethodProxy.java:258)
	at org.springframework.context.annotation.ConfigurationClassEnhancer$BeanMethodInterceptor.intercept(ConfigurationClassEnhancer.java:348)
	at com.practice.QLTV.configuration.SecurityConfigGenerator$$SpringCGLIB$$0.generateSecurityMappings(<generated>)
	at java.base/jdk.internal.reflect.DirectMethodHandleAccessor.invoke(DirectMethodHandleAccessor.java:103)
	at java.base/java.lang.reflect.Method.invoke(Method.java:580)
	at org.springframework.beans.factory.support.SimpleInstantiationStrategy.instantiate(SimpleInstantiationStrategy.java:146)
	at org.springframework.beans.factory.support.ConstructorResolver.instantiate(ConstructorResolver.java:644)
	at org.springframework.beans.factory.support.ConstructorResolver.instantiateUsingFactoryMethod(ConstructorResolver.java:636)
	at org.springframework.beans.factory.support.AbstractAutowireCapableBeanFactory.instantiateUsingFactoryMethod(AbstractAutowireCapableBeanFactory.java:1355)
	at org.springframework.beans.factory.support.AbstractAutowireCapableBeanFactory.createBeanInstance(AbstractAutowireCapableBeanFactory.java:1185)
	at org.springframework.beans.factory.support.AbstractAutowireCapableBeanFactory.doCreateBean(AbstractAutowireCapableBeanFactory.java:562)
	at org.springframework.beans.factory.support.AbstractAutowireCapableBeanFactory.createBean(AbstractAutowireCapableBeanFactory.java:522)
	at org.springframework.beans.factory.support.AbstractBeanFactory.lambda$doGetBean$0(AbstractBeanFactory.java:337)
	at org.springframework.beans.factory.support.DefaultSingletonBeanRegistry.getSingleton(DefaultSingletonBeanRegistry.java:234)
	at org.springframework.beans.factory.support.AbstractBeanFactory.doGetBean(AbstractBeanFactory.java:335)
	at org.springframework.beans.factory.support.AbstractBeanFactory.getBean(AbstractBeanFactory.java:200)
	at org.springframework.beans.factory.support.DefaultListableBeanFactory.preInstantiateSingletons(DefaultListableBeanFactory.java:975)
	at org.springframework.context.support.AbstractApplicationContext.finishBeanFactoryInitialization(AbstractApplicationContext.java:971)
	at org.springframework.context.support.AbstractApplicationContext.refresh(AbstractApplicationContext.java:625)
	at org.springframework.boot.web.servlet.context.ServletWebServerApplicationContext.refresh(ServletWebServerApplicationContext.java:146)
	at org.springframework.boot.SpringApplication.refresh(SpringApplication.java:754)
	at org.springframework.boot.SpringApplication.refreshContext(SpringApplication.java:456)
	at org.springframework.boot.SpringApplication.run(SpringApplication.java:335)
	at org.springframework.boot.SpringApplication.run(SpringApplication.java:1363)
	at org.springframework.boot.SpringApplication.run(SpringApplication.java:1352)
	at com.practice.QLTV.QltvApplication.main(QltvApplication.java:10)
2025-03-06 08:15:41.439 [main] INFO  o.a.coyote.http11.Http11NioProtocol - Starting ProtocolHandler ["http-nio-6060"]
2025-03-06 08:15:41.480 [main] INFO  o.s.b.w.e.tomcat.TomcatWebServer - Tomcat started on port 6060 (http) with context path '/QLTV'
2025-03-06 08:15:41.496 [main] INFO  com.practice.QLTV.QltvApplication - Started QltvApplication in 13.282 seconds (process running for 14.515)
2025-03-06 08:17:03.055 [SpringApplicationShutdownHook] INFO  o.s.o.j.LocalContainerEntityManagerFactoryBean - Closing JPA EntityManagerFactory for persistence unit 'default'
2025-03-06 08:17:03.060 [SpringApplicationShutdownHook] INFO  com.zaxxer.hikari.HikariDataSource - HikariPool-1 - Shutdown initiated...
2025-03-06 08:17:03.075 [SpringApplicationShutdownHook] INFO  com.zaxxer.hikari.HikariDataSource - HikariPool-1 - Shutdown completed.
2025-03-06 08:17:09.527 [main] INFO  com.practice.QLTV.QltvApplication - Starting QltvApplication using Java 21.0.5 with PID 13776 (D:\Work\Task\QLTV\target\classes started by ACER in D:\Work\Task\QLTV)
2025-03-06 08:17:09.527 [main] DEBUG com.practice.QLTV.QltvApplication - Running with Spring Boot v3.3.4, Spring v6.1.13
2025-03-06 08:17:09.527 [main] INFO  com.practice.QLTV.QltvApplication - No active profile set, falling back to 1 default profile: "default"
2025-03-06 08:17:11.047 [main] INFO  o.s.d.r.c.RepositoryConfigurationDelegate - Bootstrapping Spring Data JPA repositories in DEFAULT mode.
2025-03-06 08:17:11.192 [main] INFO  o.s.d.r.c.RepositoryConfigurationDelegate - Finished Spring Data repository scanning in 137 ms. Found 9 JPA repository interfaces.
2025-03-06 08:17:12.713 [main] INFO  o.s.b.w.e.tomcat.TomcatWebServer - Tomcat initialized with port 6060 (http)
2025-03-06 08:17:12.753 [main] INFO  o.a.coyote.http11.Http11NioProtocol - Initializing ProtocolHandler ["http-nio-6060"]
2025-03-06 08:17:12.761 [main] INFO  o.a.catalina.core.StandardService - Starting service [Tomcat]
2025-03-06 08:17:12.769 [main] INFO  o.a.catalina.core.StandardEngine - Starting Servlet engine: [Apache Tomcat/10.1.30]
2025-03-06 08:17:12.874 [main] INFO  o.a.c.c.C.[.[localhost].[/QLTV] - Initializing Spring embedded WebApplicationContext
2025-03-06 08:17:12.874 [main] INFO  o.s.b.w.s.c.ServletWebServerApplicationContext - Root WebApplicationContext: initialization completed in 3273 ms
2025-03-06 08:17:13.598 [main] INFO  o.h.jpa.internal.util.LogHelper - HHH000204: Processing PersistenceUnitInfo [name: default]
2025-03-06 08:17:13.755 [main] INFO  org.hibernate.Version - HHH000412: Hibernate ORM core version 6.5.3.Final
2025-03-06 08:17:13.811 [main] INFO  o.h.c.i.RegionFactoryInitiator - HHH000026: Second-level cache disabled
2025-03-06 08:17:14.387 [main] INFO  o.s.o.j.p.SpringPersistenceUnitInfo - No LoadTimeWeaver setup: ignoring JPA class transformer
2025-03-06 08:17:14.436 [main] INFO  com.zaxxer.hikari.HikariDataSource - HikariPool-1 - Starting...
2025-03-06 08:17:14.993 [main] INFO  com.zaxxer.hikari.pool.HikariPool - HikariPool-1 - Added connection com.mysql.cj.jdbc.ConnectionImpl@7b795db7
2025-03-06 08:17:14.993 [main] INFO  com.zaxxer.hikari.HikariDataSource - HikariPool-1 - Start completed.
2025-03-06 08:17:15.074 [main] WARN  org.hibernate.orm.deprecation - HHH90000025: MySQL8Dialect does not need to be specified explicitly using 'hibernate.dialect' (remove the property setting and it will be selected by default)
2025-03-06 08:17:15.082 [main] WARN  org.hibernate.orm.deprecation - HHH90000026: MySQL8Dialect has been deprecated; use org.hibernate.dialect.MySQLDialect instead
2025-03-06 08:17:16.719 [main] INFO  o.h.e.t.j.p.i.JtaPlatformInitiator - HHH000489: No JTA platform available (set 'hibernate.transaction.jta.platform' to enable JTA platform integration)
2025-03-06 08:17:16.808 [main] INFO  o.s.o.j.LocalContainerEntityManagerFactoryBean - Initialized JPA EntityManagerFactory for persistence unit 'default'
2025-03-06 08:17:17.220 [main] INFO  o.s.d.j.r.query.QueryEnhancerFactory - Hibernate is in classpath; If applicable, HQL parser will be used.
2025-03-06 08:17:19.377 [main] WARN  o.s.b.a.o.j.JpaBaseConfiguration$JpaWebConfiguration - spring.jpa.open-in-view is enabled by default. Therefore, database queries may be performed during view rendering. Explicitly configure spring.jpa.open-in-view to disable this warning
2025-03-06 08:17:20.292 [main] DEBUG c.p.Q.c.SecurityConfigGenerator - Processing controller: BookController, basePath: /api/books
2025-03-06 08:17:20.300 [main] DEBUG c.p.Q.c.SecurityConfigGenerator - Full Path from pattern (cleaned): /api/books
2025-03-06 08:17:20.301 [main] DEBUG c.p.Q.c.SecurityConfigGenerator - Full Path: /api/books, HTTP Method: GET
2025-03-06 08:17:20.552 [main] DEBUG c.p.Q.c.SecurityConfigGenerator - Processing controller: BookController, basePath: /api/books
2025-03-06 08:17:20.552 [main] DEBUG c.p.Q.c.SecurityConfigGenerator - Full Path from pattern (cleaned): /api/books/export
2025-03-06 08:17:20.552 [main] DEBUG c.p.Q.c.SecurityConfigGenerator - Full Path: /api/books/export, HTTP Method: GET
2025-03-06 08:17:20.560 [main] DEBUG c.p.Q.c.SecurityConfigGenerator - Processing controller: UserController, basePath: /api/users
2025-03-06 08:17:20.560 [main] DEBUG c.p.Q.c.SecurityConfigGenerator - Full Path from pattern (cleaned): /api/users/{id}
2025-03-06 08:17:20.560 [main] DEBUG c.p.Q.c.SecurityConfigGenerator - Full Path: /api/users/{id}, HTTP Method: PUT
2025-03-06 08:17:20.568 [main] DEBUG c.p.Q.c.SecurityConfigGenerator - Processing controller: FunctionController, basePath: /api/functions
2025-03-06 08:17:20.568 [main] DEBUG c.p.Q.c.SecurityConfigGenerator - Full Path from pattern (cleaned): /api/functions
2025-03-06 08:17:20.568 [main] DEBUG c.p.Q.c.SecurityConfigGenerator - Full Path: /api/functions, HTTP Method: GET
2025-03-06 08:17:20.568 [main] DEBUG c.p.Q.c.SecurityConfigGenerator - Processing controller: UserController, basePath: /api/users
2025-03-06 08:17:20.568 [main] DEBUG c.p.Q.c.SecurityConfigGenerator - Full Path from pattern (cleaned): /api/users
2025-03-06 08:17:20.568 [main] DEBUG c.p.Q.c.SecurityConfigGenerator - Full Path: /api/users, HTTP Method: GET
2025-03-06 08:17:20.568 [main] DEBUG c.p.Q.c.SecurityConfigGenerator - Processing controller: PostController, basePath: /api/posts
2025-03-06 08:17:20.568 [main] DEBUG c.p.Q.c.SecurityConfigGenerator - Full Path from pattern (cleaned): /api/posts
2025-03-06 08:17:20.568 [main] DEBUG c.p.Q.c.SecurityConfigGenerator - Full Path: /api/posts, HTTP Method: POST
2025-03-06 08:17:20.576 [main] DEBUG c.p.Q.c.SecurityConfigGenerator - Processing controller: CategoryController, basePath: /api/categories
2025-03-06 08:17:20.576 [main] DEBUG c.p.Q.c.SecurityConfigGenerator - Full Path from pattern (cleaned): /api/categories/{id}
2025-03-06 08:17:20.576 [main] DEBUG c.p.Q.c.SecurityConfigGenerator - Full Path: /api/categories/{id}, HTTP Method: DELETE
2025-03-06 08:17:20.576 [main] DEBUG c.p.Q.c.SecurityConfigGenerator - Processing controller: BookController, basePath: /api/books
2025-03-06 08:17:20.576 [main] DEBUG c.p.Q.c.SecurityConfigGenerator - Full Path from pattern (cleaned): /api/books/{title}
2025-03-06 08:17:20.576 [main] DEBUG c.p.Q.c.SecurityConfigGenerator - Full Path: /api/books/{title}, HTTP Method: DELETE
2025-03-06 08:17:20.584 [main] DEBUG c.p.Q.c.SecurityConfigGenerator - Processing controller: RoleGroupController, basePath: /api/roles
2025-03-06 08:17:20.584 [main] DEBUG c.p.Q.c.SecurityConfigGenerator - Full Path from pattern (cleaned): /api/roles
2025-03-06 08:17:20.584 [main] DEBUG c.p.Q.c.SecurityConfigGenerator - Full Path: /api/roles, HTTP Method: POST
2025-03-06 08:17:20.584 [main] DEBUG c.p.Q.c.SecurityConfigGenerator - Processing controller: BorrowController, basePath: /api/borrows
2025-03-06 08:17:20.584 [main] DEBUG c.p.Q.c.SecurityConfigGenerator - Full Path from pattern (cleaned): /api/borrows
2025-03-06 08:17:20.584 [main] DEBUG c.p.Q.c.SecurityConfigGenerator - Full Path: /api/borrows, HTTP Method: GET
2025-03-06 08:17:20.584 [main] DEBUG c.p.Q.c.SecurityConfigGenerator - Processing controller: RoleGroupController, basePath: /api/roles
2025-03-06 08:17:20.584 [main] DEBUG c.p.Q.c.SecurityConfigGenerator - Full Path from pattern (cleaned): /api/roles/{id}
2025-03-06 08:17:20.584 [main] DEBUG c.p.Q.c.SecurityConfigGenerator - Full Path: /api/roles/{id}, HTTP Method: DELETE
2025-03-06 08:17:20.592 [main] DEBUG c.p.Q.c.SecurityConfigGenerator - Processing controller: PostController, basePath: /api/posts
2025-03-06 08:17:20.592 [main] DEBUG c.p.Q.c.SecurityConfigGenerator - Full Path from pattern (cleaned): /api/posts/comment
2025-03-06 08:17:20.592 [main] DEBUG c.p.Q.c.SecurityConfigGenerator - Full Path: /api/posts/comment, HTTP Method: POST
2025-03-06 08:17:20.592 [main] DEBUG c.p.Q.c.SecurityConfigGenerator - Processing controller: CategoryController, basePath: /api/categories
2025-03-06 08:17:20.592 [main] DEBUG c.p.Q.c.SecurityConfigGenerator - Full Path from pattern (cleaned): /api/categories/{id}
2025-03-06 08:17:20.592 [main] DEBUG c.p.Q.c.SecurityConfigGenerator - Full Path: /api/categories/{id}, HTTP Method: GET
2025-03-06 08:17:20.600 [main] DEBUG c.p.Q.c.SecurityConfigGenerator - Processing controller: SwaggerWelcomeWebMvc, basePath: 
2025-03-06 08:17:20.600 [main] DEBUG c.p.Q.c.SecurityConfigGenerator - Full Path from pattern (cleaned): /swagger-ui.html
2025-03-06 08:17:20.600 [main] DEBUG c.p.Q.c.SecurityConfigGenerator - Full Path: /swagger-ui.html, HTTP Method: GET
2025-03-06 08:17:20.600 [main] DEBUG c.p.Q.c.SecurityConfigGenerator - Processing controller: RoleGroupFunctionController, basePath: /api/role-functions
2025-03-06 08:17:20.600 [main] DEBUG c.p.Q.c.SecurityConfigGenerator - Full Path from pattern (cleaned): /api/role-functions/assign-all-to-admin
2025-03-06 08:17:20.600 [main] DEBUG c.p.Q.c.SecurityConfigGenerator - Full Path: /api/role-functions/assign-all-to-admin, HTTP Method: POST
2025-03-06 08:17:20.609 [main] DEBUG c.p.Q.c.SecurityConfigGenerator - Processing controller: BorrowController, basePath: /api/borrows
2025-03-06 08:17:20.609 [main] DEBUG c.p.Q.c.SecurityConfigGenerator - Full Path from pattern (cleaned): /api/borrows/{borrowId}/return
2025-03-06 08:17:20.609 [main] DEBUG c.p.Q.c.SecurityConfigGenerator - Full Path: /api/borrows/{borrowId}/return, HTTP Method: POST
2025-03-06 08:17:20.609 [main] DEBUG c.p.Q.c.SecurityConfigGenerator - Processing controller: OpenApiWebMvcResource, basePath: 
2025-03-06 08:17:20.609 [main] DEBUG c.p.Q.c.SecurityConfigGenerator - Full Path from pattern (cleaned): /v3/api-docs
2025-03-06 08:17:20.609 [main] DEBUG c.p.Q.c.SecurityConfigGenerator - Full Path: /v3/api-docs, HTTP Method: GET
2025-03-06 08:17:20.609 [main] DEBUG c.p.Q.c.SecurityConfigGenerator - Processing controller: FunctionController, basePath: /api/functions
2025-03-06 08:17:20.609 [main] DEBUG c.p.Q.c.SecurityConfigGenerator - Full Path from pattern (cleaned): /api/functions/{functionCode}
2025-03-06 08:17:20.609 [main] DEBUG c.p.Q.c.SecurityConfigGenerator - Full Path: /api/functions/{functionCode}, HTTP Method: GET
2025-03-06 08:17:20.617 [main] DEBUG c.p.Q.c.SecurityConfigGenerator - Processing controller: CategoryController, basePath: /api/categories
2025-03-06 08:17:20.617 [main] DEBUG c.p.Q.c.SecurityConfigGenerator - Full Path from pattern (cleaned): /api/categories/{id}
2025-03-06 08:17:20.617 [main] DEBUG c.p.Q.c.SecurityConfigGenerator - Full Path: /api/categories/{id}, HTTP Method: PUT
2025-03-06 08:17:20.617 [main] DEBUG c.p.Q.c.SecurityConfigGenerator - Processing controller: CategoryController, basePath: /api/categories
2025-03-06 08:17:20.617 [main] DEBUG c.p.Q.c.SecurityConfigGenerator - Full Path from pattern (cleaned): /api/categories
2025-03-06 08:17:20.617 [main] DEBUG c.p.Q.c.SecurityConfigGenerator - Full Path: /api/categories, HTTP Method: GET
2025-03-06 08:17:20.626 [main] DEBUG c.p.Q.c.SecurityConfigGenerator - Processing controller: OpenApiWebMvcResource, basePath: 
2025-03-06 08:17:20.626 [main] DEBUG c.p.Q.c.SecurityConfigGenerator - Full Path from pattern (cleaned): /v3/api-docs.yaml
2025-03-06 08:17:20.626 [main] DEBUG c.p.Q.c.SecurityConfigGenerator - Full Path: /v3/api-docs.yaml, HTTP Method: GET
2025-03-06 08:17:20.626 [main] DEBUG c.p.Q.c.SecurityConfigGenerator - Processing controller: UserController, basePath: /api/users
2025-03-06 08:17:20.626 [main] DEBUG c.p.Q.c.SecurityConfigGenerator - Full Path from pattern (cleaned): /api/users/myinfo
2025-03-06 08:17:20.626 [main] DEBUG c.p.Q.c.SecurityConfigGenerator - Full Path: /api/users/myinfo, HTTP Method: GET
2025-03-06 08:17:20.634 [main] DEBUG c.p.Q.c.SecurityConfigGenerator - Processing controller: BookController, basePath: /api/books
2025-03-06 08:17:20.634 [main] DEBUG c.p.Q.c.SecurityConfigGenerator - Full Path from pattern (cleaned): /api/books/{title}
2025-03-06 08:17:20.634 [main] DEBUG c.p.Q.c.SecurityConfigGenerator - Full Path: /api/books/{title}, HTTP Method: GET
2025-03-06 08:17:20.634 [main] DEBUG c.p.Q.c.SecurityConfigGenerator - Processing controller: BorrowController, basePath: /api/borrows
2025-03-06 08:17:20.634 [main] DEBUG c.p.Q.c.SecurityConfigGenerator - Full Path from pattern (cleaned): /api/borrows/{borrowId}
2025-03-06 08:17:20.634 [main] DEBUG c.p.Q.c.SecurityConfigGenerator - Full Path: /api/borrows/{borrowId}, HTTP Method: DELETE
2025-03-06 08:17:20.642 [main] DEBUG c.p.Q.c.SecurityConfigGenerator - Processing controller: BookController, basePath: /api/books
2025-03-06 08:17:20.642 [main] DEBUG c.p.Q.c.SecurityConfigGenerator - Full Path from pattern (cleaned): /api/books/batch
2025-03-06 08:17:20.642 [main] DEBUG c.p.Q.c.SecurityConfigGenerator - Full Path: /api/books/batch, HTTP Method: POST
2025-03-06 08:17:20.647 [main] DEBUG c.p.Q.c.SecurityConfigGenerator - Processing controller: UserController, basePath: /api/users
2025-03-06 08:17:20.647 [main] DEBUG c.p.Q.c.SecurityConfigGenerator - Full Path from pattern (cleaned): /api/users/search
2025-03-06 08:17:20.647 [main] DEBUG c.p.Q.c.SecurityConfigGenerator - Full Path: /api/users/search, HTTP Method: POST
2025-03-06 08:17:20.650 [main] DEBUG c.p.Q.c.SecurityConfigGenerator - Processing controller: PostController, basePath: /api/posts
2025-03-06 08:17:20.650 [main] DEBUG c.p.Q.c.SecurityConfigGenerator - Full Path from pattern (cleaned): /api/posts/{postId}
2025-03-06 08:17:20.650 [main] DEBUG c.p.Q.c.SecurityConfigGenerator - Full Path: /api/posts/{postId}, HTTP Method: DELETE
2025-03-06 08:17:20.650 [main] DEBUG c.p.Q.c.SecurityConfigGenerator - Processing controller: RoleGroupController, basePath: /api/roles
2025-03-06 08:17:20.650 [main] DEBUG c.p.Q.c.SecurityConfigGenerator - Full Path from pattern (cleaned): /api/roles/{id}
2025-03-06 08:17:20.650 [main] DEBUG c.p.Q.c.SecurityConfigGenerator - Full Path: /api/roles/{id}, HTTP Method: GET
2025-03-06 08:17:20.658 [main] DEBUG c.p.Q.c.SecurityConfigGenerator - Processing controller: AuthenticationController, basePath: /api/auth
2025-03-06 08:17:20.658 [main] DEBUG c.p.Q.c.SecurityConfigGenerator - Full Path from pattern (cleaned): /api/auth/token
2025-03-06 08:17:20.658 [main] DEBUG c.p.Q.c.SecurityConfigGenerator - Full Path: /api/auth/token, HTTP Method: POST
2025-03-06 08:17:20.658 [main] DEBUG c.p.Q.c.SecurityConfigGenerator - Processing controller: BookController, basePath: /api/books
2025-03-06 08:17:20.658 [main] DEBUG c.p.Q.c.SecurityConfigGenerator - Full Path from pattern (cleaned): /api/books
2025-03-06 08:17:20.658 [main] DEBUG c.p.Q.c.SecurityConfigGenerator - Full Path: /api/books, HTTP Method: POST
2025-03-06 08:17:20.665 [main] DEBUG c.p.Q.c.SecurityConfigGenerator - Processing controller: BorrowController, basePath: /api/borrows
2025-03-06 08:17:20.665 [main] DEBUG c.p.Q.c.SecurityConfigGenerator - Full Path from pattern (cleaned): /api/borrows/user/{userId}
2025-03-06 08:17:20.665 [main] DEBUG c.p.Q.c.SecurityConfigGenerator - Full Path: /api/borrows/user/{userId}, HTTP Method: GET
2025-03-06 08:17:20.666 [main] DEBUG c.p.Q.c.SecurityConfigGenerator - Processing controller: UserController, basePath: /api/users
2025-03-06 08:17:20.666 [main] DEBUG c.p.Q.c.SecurityConfigGenerator - Full Path from pattern (cleaned): /api/users/{id}/status
2025-03-06 08:17:20.666 [main] DEBUG c.p.Q.c.SecurityConfigGenerator - Full Path: /api/users/{id}/status, HTTP Method: PATCH
2025-03-06 08:17:20.666 [main] DEBUG c.p.Q.c.SecurityConfigGenerator - Processing controller: RoleGroupFunctionController, basePath: /api/role-functions
2025-03-06 08:17:20.666 [main] DEBUG c.p.Q.c.SecurityConfigGenerator - Full Path from pattern (cleaned): /api/role-functions/{roleId}
2025-03-06 08:17:20.666 [main] DEBUG c.p.Q.c.SecurityConfigGenerator - Full Path: /api/role-functions/{roleId}, HTTP Method: GET
2025-03-06 08:17:20.675 [main] DEBUG c.p.Q.c.SecurityConfigGenerator - Processing controller: FunctionController, basePath: /api/functions
2025-03-06 08:17:20.675 [main] DEBUG c.p.Q.c.SecurityConfigGenerator - Full Path from pattern (cleaned): /api/functions
2025-03-06 08:17:20.675 [main] DEBUG c.p.Q.c.SecurityConfigGenerator - Full Path: /api/functions, HTTP Method: POST
2025-03-06 08:17:20.677 [main] DEBUG c.p.Q.c.SecurityConfigGenerator - Processing controller: BorrowController, basePath: /api/borrows
2025-03-06 08:17:20.677 [main] DEBUG c.p.Q.c.SecurityConfigGenerator - Full Path from pattern (cleaned): /api/borrows/{borrowId}
2025-03-06 08:17:20.677 [main] DEBUG c.p.Q.c.SecurityConfigGenerator - Full Path: /api/borrows/{borrowId}, HTTP Method: GET
2025-03-06 08:17:20.683 [main] DEBUG c.p.Q.c.SecurityConfigGenerator - Processing controller: UserController, basePath: /api/users
2025-03-06 08:17:20.683 [main] DEBUG c.p.Q.c.SecurityConfigGenerator - Full Path from pattern (cleaned): /api/users
2025-03-06 08:17:20.683 [main] DEBUG c.p.Q.c.SecurityConfigGenerator - Full Path: /api/users, HTTP Method: POST
2025-03-06 08:17:20.683 [main] DEBUG c.p.Q.c.SecurityConfigGenerator - Processing controller: PostController, basePath: /api/posts
2025-03-06 08:17:20.683 [main] DEBUG c.p.Q.c.SecurityConfigGenerator - Full Path from pattern (cleaned): /api/posts/search
2025-03-06 08:17:20.683 [main] DEBUG c.p.Q.c.SecurityConfigGenerator - Full Path: /api/posts/search, HTTP Method: GET
2025-03-06 08:17:20.691 [main] DEBUG c.p.Q.c.SecurityConfigGenerator - Processing controller: AuthenticationController, basePath: /api/auth
2025-03-06 08:17:20.691 [main] DEBUG c.p.Q.c.SecurityConfigGenerator - Full Path from pattern (cleaned): /api/auth/introspect
2025-03-06 08:17:20.691 [main] DEBUG c.p.Q.c.SecurityConfigGenerator - Full Path: /api/auth/introspect, HTTP Method: POST
2025-03-06 08:17:20.691 [main] DEBUG c.p.Q.c.SecurityConfigGenerator - Processing controller: PostController, basePath: /api/posts
2025-03-06 08:17:20.691 [main] DEBUG c.p.Q.c.SecurityConfigGenerator - Full Path from pattern (cleaned): /api/posts/like
2025-03-06 08:17:20.691 [main] DEBUG c.p.Q.c.SecurityConfigGenerator - Full Path: /api/posts/like, HTTP Method: POST
2025-03-06 08:17:20.691 [main] DEBUG c.p.Q.c.SecurityConfigGenerator - Processing controller: BorrowController, basePath: /api/borrows
2025-03-06 08:17:20.691 [main] DEBUG c.p.Q.c.SecurityConfigGenerator - Full Path from pattern (cleaned): /api/borrows/{borrowId}
2025-03-06 08:17:20.691 [main] DEBUG c.p.Q.c.SecurityConfigGenerator - Full Path: /api/borrows/{borrowId}, HTTP Method: PUT
2025-03-06 08:17:20.699 [main] DEBUG c.p.Q.c.SecurityConfigGenerator - Processing controller: RoleGroupController, basePath: /api/roles
2025-03-06 08:17:20.699 [main] DEBUG c.p.Q.c.SecurityConfigGenerator - Full Path from pattern (cleaned): /api/roles
2025-03-06 08:17:20.699 [main] DEBUG c.p.Q.c.SecurityConfigGenerator - Full Path: /api/roles, HTTP Method: GET
2025-03-06 08:17:20.699 [main] DEBUG c.p.Q.c.SecurityConfigGenerator - Processing controller: PostController, basePath: /api/posts
2025-03-06 08:17:20.699 [main] DEBUG c.p.Q.c.SecurityConfigGenerator - Full Path from pattern (cleaned): /api/posts/{postId}
2025-03-06 08:17:20.699 [main] DEBUG c.p.Q.c.SecurityConfigGenerator - Full Path: /api/posts/{postId}, HTTP Method: PUT
2025-03-06 08:17:20.699 [main] DEBUG c.p.Q.c.SecurityConfigGenerator - Processing controller: BasicErrorController, basePath: ${server.error.path:${error.path:/error}}
2025-03-06 08:17:20.699 [main] DEBUG c.p.Q.c.SecurityConfigGenerator - Full Path from pattern (cleaned): /error
2025-03-06 08:17:20.699 [main] DEBUG c.p.Q.c.SecurityConfigGenerator - Processing controller: BorrowController, basePath: /api/borrows
2025-03-06 08:17:20.707 [main] DEBUG c.p.Q.c.SecurityConfigGenerator - Full Path from pattern (cleaned): /api/borrows
2025-03-06 08:17:20.707 [main] DEBUG c.p.Q.c.SecurityConfigGenerator - Full Path: /api/borrows, HTTP Method: POST
2025-03-06 08:17:20.707 [main] DEBUG c.p.Q.c.SecurityConfigGenerator - Processing controller: CategoryController, basePath: /api/categories
2025-03-06 08:17:20.707 [main] DEBUG c.p.Q.c.SecurityConfigGenerator - Full Path from pattern (cleaned): /api/categories/name/{name}
2025-03-06 08:17:20.707 [main] DEBUG c.p.Q.c.SecurityConfigGenerator - Full Path: /api/categories/name/{name}, HTTP Method: GET
2025-03-06 08:17:20.707 [main] DEBUG c.p.Q.c.SecurityConfigGenerator - Processing controller: CategoryController, basePath: /api/categories
2025-03-06 08:17:20.707 [main] DEBUG c.p.Q.c.SecurityConfigGenerator - Full Path from pattern (cleaned): /api/categories/batch
2025-03-06 08:17:20.707 [main] DEBUG c.p.Q.c.SecurityConfigGenerator - Full Path: /api/categories/batch, HTTP Method: POST
2025-03-06 08:17:20.715 [main] DEBUG c.p.Q.c.SecurityConfigGenerator - Processing controller: PostController, basePath: /api/posts
2025-03-06 08:17:20.715 [main] DEBUG c.p.Q.c.SecurityConfigGenerator - Full Path from pattern (cleaned): /api/posts/{postId}/comments
2025-03-06 08:17:20.715 [main] DEBUG c.p.Q.c.SecurityConfigGenerator - Full Path: /api/posts/{postId}/comments, HTTP Method: GET
2025-03-06 08:17:20.715 [main] DEBUG c.p.Q.c.SecurityConfigGenerator - Processing controller: SwaggerConfigResource, basePath: 
2025-03-06 08:17:20.715 [main] DEBUG c.p.Q.c.SecurityConfigGenerator - Full Path from pattern (cleaned): /v3/api-docs/swagger-config
2025-03-06 08:17:20.715 [main] DEBUG c.p.Q.c.SecurityConfigGenerator - Full Path: /v3/api-docs/swagger-config, HTTP Method: GET
2025-03-06 08:17:20.715 [main] DEBUG c.p.Q.c.SecurityConfigGenerator - Processing controller: RoleGroupFunctionController, basePath: /api/role-functions
2025-03-06 08:17:20.715 [main] DEBUG c.p.Q.c.SecurityConfigGenerator - Full Path from pattern (cleaned): /api/role-functions
2025-03-06 08:17:20.715 [main] DEBUG c.p.Q.c.SecurityConfigGenerator - Full Path: /api/role-functions, HTTP Method: POST
2025-03-06 08:17:20.723 [main] DEBUG c.p.Q.c.SecurityConfigGenerator - Processing controller: AuthenticationController, basePath: /api/auth
2025-03-06 08:17:20.723 [main] DEBUG c.p.Q.c.SecurityConfigGenerator - Full Path from pattern (cleaned): /api/auth/logout
2025-03-06 08:17:20.723 [main] DEBUG c.p.Q.c.SecurityConfigGenerator - Full Path: /api/auth/logout, HTTP Method: POST
2025-03-06 08:17:20.723 [main] DEBUG c.p.Q.c.SecurityConfigGenerator - Processing controller: CategoryController, basePath: /api/categories
2025-03-06 08:17:20.723 [main] DEBUG c.p.Q.c.SecurityConfigGenerator - Full Path from pattern (cleaned): /api/categories
2025-03-06 08:17:20.723 [main] DEBUG c.p.Q.c.SecurityConfigGenerator - Full Path: /api/categories, HTTP Method: POST
2025-03-06 08:17:20.723 [main] DEBUG c.p.Q.c.SecurityConfigGenerator - Processing controller: UserController, basePath: /api/users
2025-03-06 08:17:20.723 [main] DEBUG c.p.Q.c.SecurityConfigGenerator - Full Path from pattern (cleaned): /api/users/search/advanced
2025-03-06 08:17:20.723 [main] DEBUG c.p.Q.c.SecurityConfigGenerator - Full Path: /api/users/search/advanced, HTTP Method: GET
2025-03-06 08:17:20.731 [main] DEBUG c.p.Q.c.SecurityConfigGenerator - Processing controller: BasicErrorController, basePath: ${server.error.path:${error.path:/error}}
2025-03-06 08:17:20.731 [main] DEBUG c.p.Q.c.SecurityConfigGenerator - Full Path from pattern (cleaned): /error
2025-03-06 08:17:20.731 [main] DEBUG c.p.Q.c.SecurityConfigGenerator - Processing controller: RoleGroupFunctionController, basePath: /api/role-functions
2025-03-06 08:17:20.731 [main] DEBUG c.p.Q.c.SecurityConfigGenerator - Full Path from pattern (cleaned): /api/role-functions/{roleGroupId}/functions
2025-03-06 08:17:20.731 [main] DEBUG c.p.Q.c.SecurityConfigGenerator - Full Path: /api/role-functions/{roleGroupId}/functions, HTTP Method: GET
2025-03-06 08:17:20.731 [main] DEBUG c.p.Q.c.SecurityConfigGenerator - Processing controller: UserController, basePath: /api/users
2025-03-06 08:17:20.731 [main] DEBUG c.p.Q.c.SecurityConfigGenerator - Full Path from pattern (cleaned): /api/users/{id}
2025-03-06 08:17:20.731 [main] DEBUG c.p.Q.c.SecurityConfigGenerator - Full Path: /api/users/{id}, HTTP Method: GET
2025-03-06 08:17:21.143 [main] INFO  o.a.coyote.http11.Http11NioProtocol - Starting ProtocolHandler ["http-nio-6060"]
2025-03-06 08:17:21.184 [main] INFO  o.s.b.w.e.tomcat.TomcatWebServer - Tomcat started on port 6060 (http) with context path '/QLTV'
2025-03-06 08:17:21.201 [main] INFO  com.practice.QLTV.QltvApplication - Started QltvApplication in 12.363 seconds (process running for 13.338)
2025-03-06 08:18:01.040 [http-nio-6060-exec-1] INFO  o.a.c.c.C.[.[localhost].[/QLTV] - Initializing Spring DispatcherServlet 'dispatcherServlet'
2025-03-06 08:18:01.040 [http-nio-6060-exec-1] INFO  o.s.web.servlet.DispatcherServlet - Initializing Servlet 'dispatcherServlet'
2025-03-06 08:18:01.042 [http-nio-6060-exec-1] INFO  o.s.web.servlet.DispatcherServlet - Completed initialization in 2 ms
2025-03-06 08:18:02.879 [http-nio-6060-exec-8] INFO  o.s.api.AbstractOpenApiResource - Init duration for springdoc-openapi is: 1171 ms
2025-03-06 08:19:44.861 [http-nio-6060-exec-7] ERROR o.a.c.c.C.[.[.[.[dispatcherServlet] - Servlet.service() for servlet [dispatcherServlet] in context with path [/QLTV] threw exception
org.springframework.security.authentication.AuthenticationServiceException: Token is invalid
	at org.springframework.security.oauth2.server.resource.authentication.JwtAuthenticationProvider.getJwt(JwtAuthenticationProvider.java:106)
	at org.springframework.security.oauth2.server.resource.authentication.JwtAuthenticationProvider.authenticate(JwtAuthenticationProvider.java:88)
	at org.springframework.security.authentication.ProviderManager.authenticate(ProviderManager.java:182)
	at org.springframework.security.oauth2.server.resource.web.authentication.BearerTokenAuthenticationFilter.doFilterInternal(BearerTokenAuthenticationFilter.java:137)
	at org.springframework.web.filter.OncePerRequestFilter.doFilter(OncePerRequestFilter.java:116)
	at org.springframework.security.web.FilterChainProxy$VirtualFilterChain.doFilter(FilterChainProxy.java:374)
	at org.springframework.security.web.authentication.logout.LogoutFilter.doFilter(LogoutFilter.java:107)
	at org.springframework.security.web.authentication.logout.LogoutFilter.doFilter(LogoutFilter.java:93)
	at org.springframework.security.web.FilterChainProxy$VirtualFilterChain.doFilter(FilterChainProxy.java:374)
	at org.springframework.security.web.header.HeaderWriterFilter.doHeadersAfter(HeaderWriterFilter.java:90)
	at org.springframework.security.web.header.HeaderWriterFilter.doFilterInternal(HeaderWriterFilter.java:75)
	at org.springframework.web.filter.OncePerRequestFilter.doFilter(OncePerRequestFilter.java:116)
	at org.springframework.security.web.FilterChainProxy$VirtualFilterChain.doFilter(FilterChainProxy.java:374)
	at org.springframework.security.web.context.SecurityContextHolderFilter.doFilter(SecurityContextHolderFilter.java:82)
	at org.springframework.security.web.context.SecurityContextHolderFilter.doFilter(SecurityContextHolderFilter.java:69)
	at org.springframework.security.web.FilterChainProxy$VirtualFilterChain.doFilter(FilterChainProxy.java:374)
	at org.springframework.security.web.context.request.async.WebAsyncManagerIntegrationFilter.doFilterInternal(WebAsyncManagerIntegrationFilter.java:62)
	at org.springframework.web.filter.OncePerRequestFilter.doFilter(OncePerRequestFilter.java:116)
	at org.springframework.security.web.FilterChainProxy$VirtualFilterChain.doFilter(FilterChainProxy.java:374)
	at org.springframework.security.web.session.DisableEncodeUrlFilter.doFilterInternal(DisableEncodeUrlFilter.java:42)
	at org.springframework.web.filter.OncePerRequestFilter.doFilter(OncePerRequestFilter.java:116)
	at org.springframework.security.web.FilterChainProxy$VirtualFilterChain.doFilter(FilterChainProxy.java:374)
	at org.springframework.security.web.FilterChainProxy.doFilterInternal(FilterChainProxy.java:233)
	at org.springframework.security.web.FilterChainProxy.doFilter(FilterChainProxy.java:191)
	at org.springframework.web.filter.CompositeFilter$VirtualFilterChain.doFilter(CompositeFilter.java:113)
	at org.springframework.web.servlet.handler.HandlerMappingIntrospector.lambda$createCacheFilter$3(HandlerMappingIntrospector.java:195)
	at org.springframework.web.filter.CompositeFilter$VirtualFilterChain.doFilter(CompositeFilter.java:113)
	at org.springframework.web.filter.CompositeFilter.doFilter(CompositeFilter.java:74)
	at org.springframework.security.config.annotation.web.configuration.WebMvcSecurityConfiguration$CompositeFilterChainProxy.doFilter(WebMvcSecurityConfiguration.java:230)
	at org.springframework.web.filter.DelegatingFilterProxy.invokeDelegate(DelegatingFilterProxy.java:352)
	at org.springframework.web.filter.DelegatingFilterProxy.doFilter(DelegatingFilterProxy.java:268)
	at org.apache.catalina.core.ApplicationFilterChain.internalDoFilter(ApplicationFilterChain.java:164)
	at org.apache.catalina.core.ApplicationFilterChain.doFilter(ApplicationFilterChain.java:140)
	at org.springframework.web.filter.RequestContextFilter.doFilterInternal(RequestContextFilter.java:100)
	at org.springframework.web.filter.OncePerRequestFilter.doFilter(OncePerRequestFilter.java:116)
	at org.apache.catalina.core.ApplicationFilterChain.internalDoFilter(ApplicationFilterChain.java:164)
	at org.apache.catalina.core.ApplicationFilterChain.doFilter(ApplicationFilterChain.java:140)
	at org.springframework.web.filter.FormContentFilter.doFilterInternal(FormContentFilter.java:93)
	at org.springframework.web.filter.OncePerRequestFilter.doFilter(OncePerRequestFilter.java:116)
	at org.apache.catalina.core.ApplicationFilterChain.internalDoFilter(ApplicationFilterChain.java:164)
	at org.apache.catalina.core.ApplicationFilterChain.doFilter(ApplicationFilterChain.java:140)
	at org.springframework.web.filter.CharacterEncodingFilter.doFilterInternal(CharacterEncodingFilter.java:201)
	at org.springframework.web.filter.OncePerRequestFilter.doFilter(OncePerRequestFilter.java:116)
	at org.apache.catalina.core.ApplicationFilterChain.internalDoFilter(ApplicationFilterChain.java:164)
	at org.apache.catalina.core.ApplicationFilterChain.doFilter(ApplicationFilterChain.java:140)
	at org.apache.catalina.core.StandardWrapperValve.invoke(StandardWrapperValve.java:167)
	at org.apache.catalina.core.StandardContextValve.invoke(StandardContextValve.java:90)
	at org.apache.catalina.authenticator.AuthenticatorBase.invoke(AuthenticatorBase.java:483)
	at org.apache.catalina.core.StandardHostValve.invoke(StandardHostValve.java:115)
	at org.apache.catalina.valves.ErrorReportValve.invoke(ErrorReportValve.java:93)
	at org.apache.catalina.core.StandardEngineValve.invoke(StandardEngineValve.java:74)
	at org.apache.catalina.connector.CoyoteAdapter.service(CoyoteAdapter.java:344)
	at org.apache.coyote.http11.Http11Processor.service(Http11Processor.java:384)
	at org.apache.coyote.AbstractProcessorLight.process(AbstractProcessorLight.java:63)
	at org.apache.coyote.AbstractProtocol$ConnectionHandler.process(AbstractProtocol.java:905)
	at org.apache.tomcat.util.net.NioEndpoint$SocketProcessor.doRun(NioEndpoint.java:1741)
	at org.apache.tomcat.util.net.SocketProcessorBase.run(SocketProcessorBase.java:52)
	at org.apache.tomcat.util.threads.ThreadPoolExecutor.runWorker(ThreadPoolExecutor.java:1190)
	at org.apache.tomcat.util.threads.ThreadPoolExecutor$Worker.run(ThreadPoolExecutor.java:659)
	at org.apache.tomcat.util.threads.TaskThread$WrappingRunnable.run(TaskThread.java:63)
	at java.base/java.lang.Thread.run(Thread.java:1583)
Caused by: org.springframework.security.oauth2.jwt.JwtException: Token is invalid
	at com.practice.QLTV.configuration.CustomJwtDecoder.decode(CustomJwtDecoder.java:40)
	at org.springframework.security.oauth2.server.resource.authentication.JwtAuthenticationProvider.getJwt(JwtAuthenticationProvider.java:99)
	... 60 common frames omitted
2025-03-06 08:20:00.348 [http-nio-6060-exec-9] DEBUG c.p.QLTV.service.impl.UserServiceImp - Creating new user with username: Test2
2025-03-06 08:20:00.395 [http-nio-6060-exec-9] ERROR c.p.Q.e.GlobalExceptionHandler - Application error: Username is already taken
2025-03-06 08:20:39.507 [http-nio-6060-exec-8] DEBUG c.p.QLTV.service.impl.UserServiceImp - Creating new user with username: Test3
2025-03-06 08:20:39.815 [http-nio-6060-exec-8] INFO  c.p.QLTV.service.impl.UserServiceImp - Created new user with ID: 3
2025-03-06 09:03:05.373 [SpringApplicationShutdownHook] INFO  o.s.o.j.LocalContainerEntityManagerFactoryBean - Closing JPA EntityManagerFactory for persistence unit 'default'
2025-03-06 09:03:05.378 [SpringApplicationShutdownHook] INFO  com.zaxxer.hikari.HikariDataSource - HikariPool-1 - Shutdown initiated...
2025-03-06 09:03:05.385 [SpringApplicationShutdownHook] INFO  com.zaxxer.hikari.HikariDataSource - HikariPool-1 - Shutdown completed.
2025-03-06 09:05:49.123 [main] INFO  com.practice.QLTV.QltvApplication - Starting QltvApplication using Java 21.0.5 with PID 9780 (D:\Work\Task\QLTV\target\classes started by ACER in D:\Work\Task\QLTV)
2025-03-06 09:05:49.124 [main] DEBUG com.practice.QLTV.QltvApplication - Running with Spring Boot v3.3.4, Spring v6.1.13
2025-03-06 09:05:49.125 [main] INFO  com.practice.QLTV.QltvApplication - No active profile set, falling back to 1 default profile: "default"
2025-03-06 09:05:50.530 [main] INFO  o.s.d.r.c.RepositoryConfigurationDelegate - Bootstrapping Spring Data JPA repositories in DEFAULT mode.
2025-03-06 09:05:50.665 [main] INFO  o.s.d.r.c.RepositoryConfigurationDelegate - Finished Spring Data repository scanning in 125 ms. Found 9 JPA repository interfaces.
2025-03-06 09:05:52.092 [main] INFO  o.s.b.w.e.tomcat.TomcatWebServer - Tomcat initialized with port 6060 (http)
2025-03-06 09:05:52.136 [main] INFO  o.a.coyote.http11.Http11NioProtocol - Initializing ProtocolHandler ["http-nio-6060"]
2025-03-06 09:05:52.148 [main] INFO  o.a.catalina.core.StandardService - Starting service [Tomcat]
2025-03-06 09:05:52.149 [main] INFO  o.a.catalina.core.StandardEngine - Starting Servlet engine: [Apache Tomcat/10.1.30]
2025-03-06 09:05:52.320 [main] INFO  o.a.c.c.C.[.[localhost].[/QLTV] - Initializing Spring embedded WebApplicationContext
2025-03-06 09:05:52.322 [main] INFO  o.s.b.w.s.c.ServletWebServerApplicationContext - Root WebApplicationContext: initialization completed in 3131 ms
2025-03-06 09:05:52.928 [main] INFO  o.h.jpa.internal.util.LogHelper - HHH000204: Processing PersistenceUnitInfo [name: default]
2025-03-06 09:05:53.039 [main] INFO  org.hibernate.Version - HHH000412: Hibernate ORM core version 6.5.3.Final
2025-03-06 09:05:53.082 [main] INFO  o.h.c.i.RegionFactoryInitiator - HHH000026: Second-level cache disabled
2025-03-06 09:05:53.656 [main] INFO  o.s.o.j.p.SpringPersistenceUnitInfo - No LoadTimeWeaver setup: ignoring JPA class transformer
2025-03-06 09:05:53.708 [main] INFO  com.zaxxer.hikari.HikariDataSource - HikariPool-1 - Starting...
2025-03-06 09:05:54.226 [main] INFO  com.zaxxer.hikari.pool.HikariPool - HikariPool-1 - Added connection com.mysql.cj.jdbc.ConnectionImpl@7b795db7
2025-03-06 09:05:54.232 [main] INFO  com.zaxxer.hikari.HikariDataSource - HikariPool-1 - Start completed.
2025-03-06 09:05:54.302 [main] WARN  org.hibernate.orm.deprecation - HHH90000025: MySQL8Dialect does not need to be specified explicitly using 'hibernate.dialect' (remove the property setting and it will be selected by default)
2025-03-06 09:05:54.303 [main] WARN  org.hibernate.orm.deprecation - HHH90000026: MySQL8Dialect has been deprecated; use org.hibernate.dialect.MySQLDialect instead
2025-03-06 09:05:55.775 [main] INFO  o.h.e.t.j.p.i.JtaPlatformInitiator - HHH000489: No JTA platform available (set 'hibernate.transaction.jta.platform' to enable JTA platform integration)
2025-03-06 09:05:55.853 [main] INFO  o.s.o.j.LocalContainerEntityManagerFactoryBean - Initialized JPA EntityManagerFactory for persistence unit 'default'
2025-03-06 09:05:56.178 [main] INFO  o.s.d.j.r.query.QueryEnhancerFactory - Hibernate is in classpath; If applicable, HQL parser will be used.
2025-03-06 09:05:58.216 [main] WARN  o.s.b.a.o.j.JpaBaseConfiguration$JpaWebConfiguration - spring.jpa.open-in-view is enabled by default. Therefore, database queries may be performed during view rendering. Explicitly configure spring.jpa.open-in-view to disable this warning
2025-03-06 09:05:58.339 [main] WARN  o.s.b.w.s.c.AnnotationConfigServletWebServerApplicationContext - Exception encountered during context initialization - cancelling refresh attempt: org.springframework.beans.factory.BeanCreationException: Error creating bean with name 'org.springframework.security.config.annotation.web.configuration.WebSecurityConfiguration': Injection of autowired dependencies failed
2025-03-06 09:05:58.341 [main] INFO  o.s.o.j.LocalContainerEntityManagerFactoryBean - Closing JPA EntityManagerFactory for persistence unit 'default'
2025-03-06 09:05:58.347 [main] INFO  com.zaxxer.hikari.HikariDataSource - HikariPool-1 - Shutdown initiated...
2025-03-06 09:05:58.370 [main] INFO  com.zaxxer.hikari.HikariDataSource - HikariPool-1 - Shutdown completed.
2025-03-06 09:05:58.374 [main] INFO  o.a.catalina.core.StandardService - Stopping service [Tomcat]
2025-03-06 09:05:58.400 [main] INFO  o.s.b.a.l.ConditionEvaluationReportLogger - 

Error starting ApplicationContext. To display the condition evaluation report re-run your application with 'debug' enabled.
2025-03-06 09:05:58.443 [main] ERROR o.s.b.d.LoggingFailureAnalysisReporter - 

***************************
APPLICATION FAILED TO START
***************************

Description:

Parameter 0 of method customPermissionEvaluator in com.practice.QLTV.configuration.SecurityConfig required a single bean, but 2 were found:
	- roleProperties: defined by method 'roleProperties' in class path resource [com/practice/QLTV/configuration/SecurityConfig.class]
	- systemProperties: a programmatically registered singleton

This may be due to missing parameter name information

Action:

Consider marking one of the beans as @Primary, updating the consumer to accept multiple beans, or using @Qualifier to identify the bean that should be consumed

Ensure that your compiler is configured to use the '-parameters' flag.
You may need to update both your build tool settings as well as your IDE.
(See https://github.com/spring-projects/spring-framework/wiki/Upgrading-to-Spring-Framework-6.x#parameter-name-retention)


2025-03-06 09:06:58.557 [main] INFO  com.practice.QLTV.QltvApplication - Starting QltvApplication using Java 21.0.5 with PID 13280 (D:\Work\Task\QLTV\target\classes started by ACER in D:\Work\Task\QLTV)
2025-03-06 09:06:58.559 [main] DEBUG com.practice.QLTV.QltvApplication - Running with Spring Boot v3.3.4, Spring v6.1.13
2025-03-06 09:06:58.560 [main] INFO  com.practice.QLTV.QltvApplication - No active profile set, falling back to 1 default profile: "default"
2025-03-06 09:06:59.992 [main] INFO  o.s.d.r.c.RepositoryConfigurationDelegate - Bootstrapping Spring Data JPA repositories in DEFAULT mode.
2025-03-06 09:07:00.128 [main] INFO  o.s.d.r.c.RepositoryConfigurationDelegate - Finished Spring Data repository scanning in 125 ms. Found 9 JPA repository interfaces.
2025-03-06 09:07:01.353 [main] INFO  o.s.b.w.e.tomcat.TomcatWebServer - Tomcat initialized with port 6060 (http)
2025-03-06 09:07:01.395 [main] INFO  o.a.coyote.http11.Http11NioProtocol - Initializing ProtocolHandler ["http-nio-6060"]
2025-03-06 09:07:01.406 [main] INFO  o.a.catalina.core.StandardService - Starting service [Tomcat]
2025-03-06 09:07:01.407 [main] INFO  o.a.catalina.core.StandardEngine - Starting Servlet engine: [Apache Tomcat/10.1.30]
2025-03-06 09:07:01.609 [main] INFO  o.a.c.c.C.[.[localhost].[/QLTV] - Initializing Spring embedded WebApplicationContext
2025-03-06 09:07:01.611 [main] INFO  o.s.b.w.s.c.ServletWebServerApplicationContext - Root WebApplicationContext: initialization completed in 2986 ms
2025-03-06 09:07:02.263 [main] INFO  o.h.jpa.internal.util.LogHelper - HHH000204: Processing PersistenceUnitInfo [name: default]
2025-03-06 09:07:02.430 [main] INFO  org.hibernate.Version - HHH000412: Hibernate ORM core version 6.5.3.Final
2025-03-06 09:07:02.494 [main] INFO  o.h.c.i.RegionFactoryInitiator - HHH000026: Second-level cache disabled
2025-03-06 09:07:03.046 [main] INFO  o.s.o.j.p.SpringPersistenceUnitInfo - No LoadTimeWeaver setup: ignoring JPA class transformer
2025-03-06 09:07:03.139 [main] INFO  com.zaxxer.hikari.HikariDataSource - HikariPool-1 - Starting...
2025-03-06 09:07:03.664 [main] INFO  com.zaxxer.hikari.pool.HikariPool - HikariPool-1 - Added connection com.mysql.cj.jdbc.ConnectionImpl@586486c
2025-03-06 09:07:03.668 [main] INFO  com.zaxxer.hikari.HikariDataSource - HikariPool-1 - Start completed.
2025-03-06 09:07:03.724 [main] WARN  org.hibernate.orm.deprecation - HHH90000025: MySQL8Dialect does not need to be specified explicitly using 'hibernate.dialect' (remove the property setting and it will be selected by default)
2025-03-06 09:07:03.726 [main] WARN  org.hibernate.orm.deprecation - HHH90000026: MySQL8Dialect has been deprecated; use org.hibernate.dialect.MySQLDialect instead
2025-03-06 09:07:05.132 [main] INFO  o.h.e.t.j.p.i.JtaPlatformInitiator - HHH000489: No JTA platform available (set 'hibernate.transaction.jta.platform' to enable JTA platform integration)
2025-03-06 09:07:05.209 [main] INFO  o.s.o.j.LocalContainerEntityManagerFactoryBean - Initialized JPA EntityManagerFactory for persistence unit 'default'
2025-03-06 09:07:05.571 [main] INFO  o.s.d.j.r.query.QueryEnhancerFactory - Hibernate is in classpath; If applicable, HQL parser will be used.
2025-03-06 09:07:07.400 [main] WARN  o.s.b.a.o.j.JpaBaseConfiguration$JpaWebConfiguration - spring.jpa.open-in-view is enabled by default. Therefore, database queries may be performed during view rendering. Explicitly configure spring.jpa.open-in-view to disable this warning
2025-03-06 09:07:07.543 [main] WARN  o.s.b.w.s.c.AnnotationConfigServletWebServerApplicationContext - Exception encountered during context initialization - cancelling refresh attempt: org.springframework.beans.factory.BeanCreationException: Error creating bean with name 'org.springframework.security.config.annotation.web.configuration.WebSecurityConfiguration': Injection of autowired dependencies failed
2025-03-06 09:07:07.545 [main] INFO  o.s.o.j.LocalContainerEntityManagerFactoryBean - Closing JPA EntityManagerFactory for persistence unit 'default'
2025-03-06 09:07:07.547 [main] INFO  com.zaxxer.hikari.HikariDataSource - HikariPool-1 - Shutdown initiated...
2025-03-06 09:07:07.563 [main] INFO  com.zaxxer.hikari.HikariDataSource - HikariPool-1 - Shutdown completed.
2025-03-06 09:07:07.565 [main] INFO  o.a.catalina.core.StandardService - Stopping service [Tomcat]
2025-03-06 09:07:07.580 [main] INFO  o.s.b.a.l.ConditionEvaluationReportLogger - 

Error starting ApplicationContext. To display the condition evaluation report re-run your application with 'debug' enabled.
2025-03-06 09:07:07.603 [main] ERROR o.s.b.d.LoggingFailureAnalysisReporter - 

***************************
APPLICATION FAILED TO START
***************************

Description:

Parameter 0 of method customPermissionEvaluator in com.practice.QLTV.configuration.SecurityConfig required a single bean, but 2 were found:
	- roleProperties: defined by method 'roleProperties' in class path resource [com/practice/QLTV/configuration/SecurityConfig.class]
	- systemProperties: a programmatically registered singleton

This may be due to missing parameter name information

Action:

Consider marking one of the beans as @Primary, updating the consumer to accept multiple beans, or using @Qualifier to identify the bean that should be consumed

Ensure that your compiler is configured to use the '-parameters' flag.
You may need to update both your build tool settings as well as your IDE.
(See https://github.com/spring-projects/spring-framework/wiki/Upgrading-to-Spring-Framework-6.x#parameter-name-retention)


2025-03-06 09:08:26.171 [main] INFO  com.practice.QLTV.QltvApplication - Starting QltvApplication using Java 21.0.5 with PID 16212 (D:\Work\Task\QLTV\target\classes started by ACER in D:\Work\Task\QLTV)
2025-03-06 09:08:26.173 [main] DEBUG com.practice.QLTV.QltvApplication - Running with Spring Boot v3.3.4, Spring v6.1.13
2025-03-06 09:08:26.174 [main] INFO  com.practice.QLTV.QltvApplication - No active profile set, falling back to 1 default profile: "default"
2025-03-06 09:08:27.560 [main] INFO  o.s.d.r.c.RepositoryConfigurationDelegate - Bootstrapping Spring Data JPA repositories in DEFAULT mode.
2025-03-06 09:08:27.711 [main] INFO  o.s.d.r.c.RepositoryConfigurationDelegate - Finished Spring Data repository scanning in 139 ms. Found 9 JPA repository interfaces.
2025-03-06 09:08:29.042 [main] INFO  o.s.b.w.e.tomcat.TomcatWebServer - Tomcat initialized with port 6060 (http)
2025-03-06 09:08:29.086 [main] INFO  o.a.coyote.http11.Http11NioProtocol - Initializing ProtocolHandler ["http-nio-6060"]
2025-03-06 09:08:29.098 [main] INFO  o.a.catalina.core.StandardService - Starting service [Tomcat]
2025-03-06 09:08:29.099 [main] INFO  o.a.catalina.core.StandardEngine - Starting Servlet engine: [Apache Tomcat/10.1.30]
2025-03-06 09:08:29.235 [main] INFO  o.a.c.c.C.[.[localhost].[/QLTV] - Initializing Spring embedded WebApplicationContext
2025-03-06 09:08:29.237 [main] INFO  o.s.b.w.s.c.ServletWebServerApplicationContext - Root WebApplicationContext: initialization completed in 2999 ms
2025-03-06 09:08:29.849 [main] INFO  o.h.jpa.internal.util.LogHelper - HHH000204: Processing PersistenceUnitInfo [name: default]
2025-03-06 09:08:30.041 [main] INFO  org.hibernate.Version - HHH000412: Hibernate ORM core version 6.5.3.Final
2025-03-06 09:08:30.087 [main] INFO  o.h.c.i.RegionFactoryInitiator - HHH000026: Second-level cache disabled
2025-03-06 09:08:30.646 [main] INFO  o.s.o.j.p.SpringPersistenceUnitInfo - No LoadTimeWeaver setup: ignoring JPA class transformer
2025-03-06 09:08:30.699 [main] INFO  com.zaxxer.hikari.HikariDataSource - HikariPool-1 - Starting...
2025-03-06 09:08:31.207 [main] INFO  com.zaxxer.hikari.pool.HikariPool - HikariPool-1 - Added connection com.mysql.cj.jdbc.ConnectionImpl@6a0c7af6
2025-03-06 09:08:31.210 [main] INFO  com.zaxxer.hikari.HikariDataSource - HikariPool-1 - Start completed.
2025-03-06 09:08:31.276 [main] WARN  org.hibernate.orm.deprecation - HHH90000025: MySQL8Dialect does not need to be specified explicitly using 'hibernate.dialect' (remove the property setting and it will be selected by default)
2025-03-06 09:08:31.277 [main] WARN  org.hibernate.orm.deprecation - HHH90000026: MySQL8Dialect has been deprecated; use org.hibernate.dialect.MySQLDialect instead
2025-03-06 09:08:32.671 [main] INFO  o.h.e.t.j.p.i.JtaPlatformInitiator - HHH000489: No JTA platform available (set 'hibernate.transaction.jta.platform' to enable JTA platform integration)
2025-03-06 09:08:32.753 [main] INFO  o.s.o.j.LocalContainerEntityManagerFactoryBean - Initialized JPA EntityManagerFactory for persistence unit 'default'
2025-03-06 09:08:33.131 [main] INFO  o.s.d.j.r.query.QueryEnhancerFactory - Hibernate is in classpath; If applicable, HQL parser will be used.
2025-03-06 09:08:35.007 [main] WARN  o.s.b.a.o.j.JpaBaseConfiguration$JpaWebConfiguration - spring.jpa.open-in-view is enabled by default. Therefore, database queries may be performed during view rendering. Explicitly configure spring.jpa.open-in-view to disable this warning
2025-03-06 09:08:35.125 [main] WARN  o.s.b.w.s.c.AnnotationConfigServletWebServerApplicationContext - Exception encountered during context initialization - cancelling refresh attempt: org.springframework.beans.factory.BeanCreationException: Error creating bean with name 'org.springframework.security.config.annotation.web.configuration.WebSecurityConfiguration': Injection of autowired dependencies failed
2025-03-06 09:08:35.128 [main] INFO  o.s.o.j.LocalContainerEntityManagerFactoryBean - Closing JPA EntityManagerFactory for persistence unit 'default'
2025-03-06 09:08:35.130 [main] INFO  com.zaxxer.hikari.HikariDataSource - HikariPool-1 - Shutdown initiated...
2025-03-06 09:08:35.153 [main] INFO  com.zaxxer.hikari.HikariDataSource - HikariPool-1 - Shutdown completed.
2025-03-06 09:08:35.157 [main] INFO  o.a.catalina.core.StandardService - Stopping service [Tomcat]
2025-03-06 09:08:35.178 [main] INFO  o.s.b.a.l.ConditionEvaluationReportLogger - 

Error starting ApplicationContext. To display the condition evaluation report re-run your application with 'debug' enabled.
2025-03-06 09:08:35.199 [main] ERROR o.s.b.d.LoggingFailureAnalysisReporter - 

***************************
APPLICATION FAILED TO START
***************************

Description:

Parameter 0 of method customPermissionEvaluator in com.practice.QLTV.configuration.SecurityConfig required a single bean, but 2 were found:
	- roleProperties: defined by method 'roleProperties' in class path resource [com/practice/QLTV/configuration/SecurityConfig.class]
	- systemProperties: a programmatically registered singleton

This may be due to missing parameter name information

Action:

Consider marking one of the beans as @Primary, updating the consumer to accept multiple beans, or using @Qualifier to identify the bean that should be consumed

Ensure that your compiler is configured to use the '-parameters' flag.
You may need to update both your build tool settings as well as your IDE.
(See https://github.com/spring-projects/spring-framework/wiki/Upgrading-to-Spring-Framework-6.x#parameter-name-retention)


2025-03-06 09:13:02.571 [main] INFO  com.practice.QLTV.QltvApplication - Starting QltvApplication using Java 21.0.5 with PID 14548 (D:\Work\Task\QLTV\target\classes started by ACER in D:\Work\Task\QLTV)
2025-03-06 09:13:02.573 [main] DEBUG com.practice.QLTV.QltvApplication - Running with Spring Boot v3.3.4, Spring v6.1.13
2025-03-06 09:13:02.574 [main] INFO  com.practice.QLTV.QltvApplication - No active profile set, falling back to 1 default profile: "default"
2025-03-06 09:13:03.893 [main] INFO  o.s.d.r.c.RepositoryConfigurationDelegate - Bootstrapping Spring Data JPA repositories in DEFAULT mode.
2025-03-06 09:13:04.035 [main] INFO  o.s.d.r.c.RepositoryConfigurationDelegate - Finished Spring Data repository scanning in 118 ms. Found 9 JPA repository interfaces.
2025-03-06 09:13:05.309 [main] INFO  o.s.b.w.e.tomcat.TomcatWebServer - Tomcat initialized with port 6060 (http)
2025-03-06 09:13:05.339 [main] INFO  o.a.coyote.http11.Http11NioProtocol - Initializing ProtocolHandler ["http-nio-6060"]
2025-03-06 09:13:05.349 [main] INFO  o.a.catalina.core.StandardService - Starting service [Tomcat]
2025-03-06 09:13:05.350 [main] INFO  o.a.catalina.core.StandardEngine - Starting Servlet engine: [Apache Tomcat/10.1.30]
2025-03-06 09:13:05.497 [main] INFO  o.a.c.c.C.[.[localhost].[/QLTV] - Initializing Spring embedded WebApplicationContext
2025-03-06 09:13:05.502 [main] INFO  o.s.b.w.s.c.ServletWebServerApplicationContext - Root WebApplicationContext: initialization completed in 2858 ms
2025-03-06 09:13:06.002 [main] INFO  o.h.jpa.internal.util.LogHelper - HHH000204: Processing PersistenceUnitInfo [name: default]
2025-03-06 09:13:06.300 [main] INFO  org.hibernate.Version - HHH000412: Hibernate ORM core version 6.5.3.Final
2025-03-06 09:13:06.352 [main] INFO  o.h.c.i.RegionFactoryInitiator - HHH000026: Second-level cache disabled
2025-03-06 09:13:07.030 [main] INFO  o.s.o.j.p.SpringPersistenceUnitInfo - No LoadTimeWeaver setup: ignoring JPA class transformer
2025-03-06 09:13:07.125 [main] INFO  com.zaxxer.hikari.HikariDataSource - HikariPool-1 - Starting...
2025-03-06 09:13:07.629 [main] INFO  com.zaxxer.hikari.pool.HikariPool - HikariPool-1 - Added connection com.mysql.cj.jdbc.ConnectionImpl@2095c331
2025-03-06 09:13:07.634 [main] INFO  com.zaxxer.hikari.HikariDataSource - HikariPool-1 - Start completed.
2025-03-06 09:13:07.705 [main] WARN  org.hibernate.orm.deprecation - HHH90000025: MySQL8Dialect does not need to be specified explicitly using 'hibernate.dialect' (remove the property setting and it will be selected by default)
2025-03-06 09:13:07.706 [main] WARN  org.hibernate.orm.deprecation - HHH90000026: MySQL8Dialect has been deprecated; use org.hibernate.dialect.MySQLDialect instead
2025-03-06 09:13:09.149 [main] INFO  o.h.e.t.j.p.i.JtaPlatformInitiator - HHH000489: No JTA platform available (set 'hibernate.transaction.jta.platform' to enable JTA platform integration)
2025-03-06 09:13:09.232 [main] INFO  o.s.o.j.LocalContainerEntityManagerFactoryBean - Initialized JPA EntityManagerFactory for persistence unit 'default'
2025-03-06 09:13:09.675 [main] INFO  o.s.d.j.r.query.QueryEnhancerFactory - Hibernate is in classpath; If applicable, HQL parser will be used.
2025-03-06 09:13:11.529 [main] WARN  o.s.b.a.o.j.JpaBaseConfiguration$JpaWebConfiguration - spring.jpa.open-in-view is enabled by default. Therefore, database queries may be performed during view rendering. Explicitly configure spring.jpa.open-in-view to disable this warning
2025-03-06 09:13:11.686 [main] WARN  o.s.b.w.s.c.AnnotationConfigServletWebServerApplicationContext - Exception encountered during context initialization - cancelling refresh attempt: org.springframework.beans.factory.BeanCreationException: Error creating bean with name 'org.springframework.security.config.annotation.web.configuration.WebSecurityConfiguration': Injection of autowired dependencies failed
2025-03-06 09:13:11.688 [main] INFO  o.s.o.j.LocalContainerEntityManagerFactoryBean - Closing JPA EntityManagerFactory for persistence unit 'default'
2025-03-06 09:13:11.691 [main] INFO  com.zaxxer.hikari.HikariDataSource - HikariPool-1 - Shutdown initiated...
2025-03-06 09:13:11.710 [main] INFO  com.zaxxer.hikari.HikariDataSource - HikariPool-1 - Shutdown completed.
2025-03-06 09:13:11.712 [main] INFO  o.a.catalina.core.StandardService - Stopping service [Tomcat]
2025-03-06 09:13:11.727 [main] INFO  o.s.b.a.l.ConditionEvaluationReportLogger - 

Error starting ApplicationContext. To display the condition evaluation report re-run your application with 'debug' enabled.
2025-03-06 09:13:11.748 [main] ERROR o.s.boot.SpringApplication - Application run failed
org.springframework.beans.factory.BeanCreationException: Error creating bean with name 'org.springframework.security.config.annotation.web.configuration.WebSecurityConfiguration': Injection of autowired dependencies failed
	at org.springframework.beans.factory.annotation.AutowiredAnnotationBeanPostProcessor.postProcessProperties(AutowiredAnnotationBeanPostProcessor.java:515)
	at org.springframework.beans.factory.support.AbstractAutowireCapableBeanFactory.populateBean(AbstractAutowireCapableBeanFactory.java:1439)
	at org.springframework.beans.factory.support.AbstractAutowireCapableBeanFactory.doCreateBean(AbstractAutowireCapableBeanFactory.java:599)
	at org.springframework.beans.factory.support.AbstractAutowireCapableBeanFactory.createBean(AbstractAutowireCapableBeanFactory.java:522)
	at org.springframework.beans.factory.support.AbstractBeanFactory.lambda$doGetBean$0(AbstractBeanFactory.java:337)
	at org.springframework.beans.factory.support.DefaultSingletonBeanRegistry.getSingleton(DefaultSingletonBeanRegistry.java:234)
	at org.springframework.beans.factory.support.AbstractBeanFactory.doGetBean(AbstractBeanFactory.java:335)
	at org.springframework.beans.factory.support.AbstractBeanFactory.getBean(AbstractBeanFactory.java:200)
	at org.springframework.beans.factory.support.DefaultListableBeanFactory.preInstantiateSingletons(DefaultListableBeanFactory.java:975)
	at org.springframework.context.support.AbstractApplicationContext.finishBeanFactoryInitialization(AbstractApplicationContext.java:971)
	at org.springframework.context.support.AbstractApplicationContext.refresh(AbstractApplicationContext.java:625)
	at org.springframework.boot.web.servlet.context.ServletWebServerApplicationContext.refresh(ServletWebServerApplicationContext.java:146)
	at org.springframework.boot.SpringApplication.refresh(SpringApplication.java:754)
	at org.springframework.boot.SpringApplication.refreshContext(SpringApplication.java:456)
	at org.springframework.boot.SpringApplication.run(SpringApplication.java:335)
	at org.springframework.boot.SpringApplication.run(SpringApplication.java:1363)
	at org.springframework.boot.SpringApplication.run(SpringApplication.java:1352)
	at com.practice.QLTV.QltvApplication.main(QltvApplication.java:10)
Caused by: java.lang.RuntimeException: Could not postProcess org.springframework.security.config.annotation.web.builders.WebSecurity@c94f221 of type class org.springframework.security.config.annotation.web.builders.WebSecurity
	at org.springframework.security.config.annotation.configuration.AutowireBeanFactoryObjectPostProcessor.postProcess(AutowireBeanFactoryObjectPostProcessor.java:71)
	at org.springframework.security.config.annotation.web.configuration.WebSecurityConfiguration.setFilterChainProxySecurityConfigurer(WebSecurityConfiguration.java:148)
	at java.base/jdk.internal.reflect.DirectMethodHandleAccessor.invoke(DirectMethodHandleAccessor.java:103)
	at java.base/java.lang.reflect.Method.invoke(Method.java:580)
	at org.springframework.beans.factory.annotation.AutowiredAnnotationBeanPostProcessor$AutowiredMethodElement.inject(AutowiredAnnotationBeanPostProcessor.java:854)
	at org.springframework.beans.factory.annotation.InjectionMetadata.inject(InjectionMetadata.java:145)
	at org.springframework.beans.factory.annotation.AutowiredAnnotationBeanPostProcessor.postProcessProperties(AutowiredAnnotationBeanPostProcessor.java:509)
	... 17 common frames omitted
Caused by: org.springframework.beans.factory.UnsatisfiedDependencyException: Error creating bean with name 'customPermissionEvaluator' defined in class path resource [com/practice/QLTV/configuration/SecurityConfig.class]: Unsatisfied dependency expressed through method 'customPermissionEvaluator' parameter 0: Error creating bean with name 'roleProperties' defined in class path resource [com/practice/QLTV/configuration/SecurityConfig.class]: Failed to instantiate [java.util.Properties]: Factory method 'roleProperties' threw exception with message: class path resource [roles.properties] cannot be opened because it does not exist
	at org.springframework.beans.factory.support.ConstructorResolver.createArgumentArray(ConstructorResolver.java:795)
	at org.springframework.beans.factory.support.ConstructorResolver.instantiateUsingFactoryMethod(ConstructorResolver.java:542)
	at org.springframework.beans.factory.support.AbstractAutowireCapableBeanFactory.instantiateUsingFactoryMethod(AbstractAutowireCapableBeanFactory.java:1355)
	at org.springframework.beans.factory.support.AbstractAutowireCapableBeanFactory.createBeanInstance(AbstractAutowireCapableBeanFactory.java:1185)
	at org.springframework.beans.factory.support.AbstractAutowireCapableBeanFactory.doCreateBean(AbstractAutowireCapableBeanFactory.java:562)
	at org.springframework.beans.factory.support.AbstractAutowireCapableBeanFactory.createBean(AbstractAutowireCapableBeanFactory.java:522)
	at org.springframework.beans.factory.support.AbstractBeanFactory.lambda$doGetBean$0(AbstractBeanFactory.java:337)
	at org.springframework.beans.factory.support.DefaultSingletonBeanRegistry.getSingleton(DefaultSingletonBeanRegistry.java:234)
	at org.springframework.beans.factory.support.AbstractBeanFactory.doGetBean(AbstractBeanFactory.java:335)
	at org.springframework.beans.factory.support.AbstractBeanFactory.getBean(AbstractBeanFactory.java:225)
	at org.springframework.beans.factory.support.DefaultListableBeanFactory.resolveNamedBean(DefaultListableBeanFactory.java:1323)
	at org.springframework.beans.factory.support.DefaultListableBeanFactory.resolveNamedBean(DefaultListableBeanFactory.java:1284)
	at org.springframework.beans.factory.support.DefaultListableBeanFactory.resolveBean(DefaultListableBeanFactory.java:486)
	at org.springframework.beans.factory.support.DefaultListableBeanFactory.getBean(DefaultListableBeanFactory.java:341)
	at org.springframework.beans.factory.support.DefaultListableBeanFactory.getBean(DefaultListableBeanFactory.java:334)
	at org.springframework.context.support.AbstractApplicationContext.getBean(AbstractApplicationContext.java:1261)
	at org.springframework.security.config.annotation.web.builders.WebSecurity.setApplicationContext(WebSecurity.java:375)
	at org.springframework.context.support.ApplicationContextAwareProcessor.invokeAwareInterfaces(ApplicationContextAwareProcessor.java:110)
	at org.springframework.context.support.ApplicationContextAwareProcessor.postProcessBeforeInitialization(ApplicationContextAwareProcessor.java:85)
	at org.springframework.beans.factory.support.AbstractAutowireCapableBeanFactory.applyBeanPostProcessorsBeforeInitialization(AbstractAutowireCapableBeanFactory.java:422)
	at org.springframework.beans.factory.support.AbstractAutowireCapableBeanFactory.initializeBean(AbstractAutowireCapableBeanFactory.java:1798)
	at org.springframework.beans.factory.support.AbstractAutowireCapableBeanFactory.initializeBean(AbstractAutowireCapableBeanFactory.java:412)
	at org.springframework.security.config.annotation.configuration.AutowireBeanFactoryObjectPostProcessor.initializeBeanIfNeeded(AutowireBeanFactoryObjectPostProcessor.java:98)
	at org.springframework.security.config.annotation.configuration.AutowireBeanFactoryObjectPostProcessor.postProcess(AutowireBeanFactoryObjectPostProcessor.java:67)
	... 23 common frames omitted
Caused by: org.springframework.beans.factory.BeanCreationException: Error creating bean with name 'roleProperties' defined in class path resource [com/practice/QLTV/configuration/SecurityConfig.class]: Failed to instantiate [java.util.Properties]: Factory method 'roleProperties' threw exception with message: class path resource [roles.properties] cannot be opened because it does not exist
	at org.springframework.beans.factory.support.ConstructorResolver.instantiate(ConstructorResolver.java:648)
	at org.springframework.beans.factory.support.ConstructorResolver.instantiateUsingFactoryMethod(ConstructorResolver.java:636)
	at org.springframework.beans.factory.support.AbstractAutowireCapableBeanFactory.instantiateUsingFactoryMethod(AbstractAutowireCapableBeanFactory.java:1355)
	at org.springframework.beans.factory.support.AbstractAutowireCapableBeanFactory.createBeanInstance(AbstractAutowireCapableBeanFactory.java:1185)
	at org.springframework.beans.factory.support.AbstractAutowireCapableBeanFactory.doCreateBean(AbstractAutowireCapableBeanFactory.java:562)
	at org.springframework.beans.factory.support.AbstractAutowireCapableBeanFactory.createBean(AbstractAutowireCapableBeanFactory.java:522)
	at org.springframework.beans.factory.support.AbstractBeanFactory.lambda$doGetBean$0(AbstractBeanFactory.java:337)
	at org.springframework.beans.factory.support.DefaultSingletonBeanRegistry.getSingleton(DefaultSingletonBeanRegistry.java:234)
	at org.springframework.beans.factory.support.AbstractBeanFactory.doGetBean(AbstractBeanFactory.java:335)
	at org.springframework.beans.factory.support.AbstractBeanFactory.getBean(AbstractBeanFactory.java:200)
	at org.springframework.beans.factory.config.DependencyDescriptor.resolveCandidate(DependencyDescriptor.java:254)
	at org.springframework.beans.factory.support.DefaultListableBeanFactory.doResolveDependency(DefaultListableBeanFactory.java:1443)
	at org.springframework.beans.factory.support.DefaultListableBeanFactory.resolveDependency(DefaultListableBeanFactory.java:1353)
	at org.springframework.beans.factory.support.ConstructorResolver.resolveAutowiredArgument(ConstructorResolver.java:904)
	at org.springframework.beans.factory.support.ConstructorResolver.createArgumentArray(ConstructorResolver.java:782)
	... 46 common frames omitted
Caused by: org.springframework.beans.BeanInstantiationException: Failed to instantiate [java.util.Properties]: Factory method 'roleProperties' threw exception with message: class path resource [roles.properties] cannot be opened because it does not exist
	at org.springframework.beans.factory.support.SimpleInstantiationStrategy.instantiate(SimpleInstantiationStrategy.java:178)
	at org.springframework.beans.factory.support.ConstructorResolver.instantiate(ConstructorResolver.java:644)
	... 60 common frames omitted
Caused by: java.io.FileNotFoundException: class path resource [roles.properties] cannot be opened because it does not exist
	at org.springframework.core.io.ClassPathResource.getInputStream(ClassPathResource.java:215)
	at com.practice.QLTV.configuration.SecurityConfig.roleProperties(SecurityConfig.java:96)
	at com.practice.QLTV.configuration.SecurityConfig$$SpringCGLIB$$0.CGLIB$roleProperties$3(<generated>)
	at com.practice.QLTV.configuration.SecurityConfig$$SpringCGLIB$$FastClass$$1.invoke(<generated>)
	at org.springframework.cglib.proxy.MethodProxy.invokeSuper(MethodProxy.java:258)
	at org.springframework.context.annotation.ConfigurationClassEnhancer$BeanMethodInterceptor.intercept(ConfigurationClassEnhancer.java:348)
	at com.practice.QLTV.configuration.SecurityConfig$$SpringCGLIB$$0.roleProperties(<generated>)
	at java.base/jdk.internal.reflect.DirectMethodHandleAccessor.invoke(DirectMethodHandleAccessor.java:103)
	at java.base/java.lang.reflect.Method.invoke(Method.java:580)
	at org.springframework.beans.factory.support.SimpleInstantiationStrategy.instantiate(SimpleInstantiationStrategy.java:146)
	... 61 common frames omitted
2025-03-06 09:27:04.916 [main] INFO  com.practice.QLTV.QltvApplication - Starting QltvApplication using Java 21.0.5 with PID 17260 (D:\Work\Task\QLTV\target\classes started by ACER in D:\Work\Task\QLTV)
2025-03-06 09:27:04.918 [main] DEBUG com.practice.QLTV.QltvApplication - Running with Spring Boot v3.3.4, Spring v6.1.13
2025-03-06 09:27:04.919 [main] INFO  com.practice.QLTV.QltvApplication - No active profile set, falling back to 1 default profile: "default"
2025-03-06 09:27:06.262 [main] INFO  o.s.d.r.c.RepositoryConfigurationDelegate - Bootstrapping Spring Data JPA repositories in DEFAULT mode.
2025-03-06 09:27:06.403 [main] INFO  o.s.d.r.c.RepositoryConfigurationDelegate - Finished Spring Data repository scanning in 131 ms. Found 9 JPA repository interfaces.
2025-03-06 09:27:07.670 [main] INFO  o.s.b.w.e.tomcat.TomcatWebServer - Tomcat initialized with port 6060 (http)
2025-03-06 09:27:07.712 [main] INFO  o.a.coyote.http11.Http11NioProtocol - Initializing ProtocolHandler ["http-nio-6060"]
2025-03-06 09:27:07.725 [main] INFO  o.a.catalina.core.StandardService - Starting service [Tomcat]
2025-03-06 09:27:07.726 [main] INFO  o.a.catalina.core.StandardEngine - Starting Servlet engine: [Apache Tomcat/10.1.30]
2025-03-06 09:27:07.910 [main] INFO  o.a.c.c.C.[.[localhost].[/QLTV] - Initializing Spring embedded WebApplicationContext
2025-03-06 09:27:07.912 [main] INFO  o.s.b.w.s.c.ServletWebServerApplicationContext - Root WebApplicationContext: initialization completed in 2922 ms
2025-03-06 09:27:08.473 [main] INFO  o.h.jpa.internal.util.LogHelper - HHH000204: Processing PersistenceUnitInfo [name: default]
2025-03-06 09:27:08.736 [main] INFO  org.hibernate.Version - HHH000412: Hibernate ORM core version 6.5.3.Final
2025-03-06 09:27:08.780 [main] INFO  o.h.c.i.RegionFactoryInitiator - HHH000026: Second-level cache disabled
2025-03-06 09:27:09.387 [main] INFO  o.s.o.j.p.SpringPersistenceUnitInfo - No LoadTimeWeaver setup: ignoring JPA class transformer
2025-03-06 09:27:09.484 [main] INFO  com.zaxxer.hikari.HikariDataSource - HikariPool-1 - Starting...
2025-03-06 09:27:10.023 [main] INFO  com.zaxxer.hikari.pool.HikariPool - HikariPool-1 - Added connection com.mysql.cj.jdbc.ConnectionImpl@10408ea
2025-03-06 09:27:10.028 [main] INFO  com.zaxxer.hikari.HikariDataSource - HikariPool-1 - Start completed.
2025-03-06 09:27:10.104 [main] WARN  org.hibernate.orm.deprecation - HHH90000025: MySQL8Dialect does not need to be specified explicitly using 'hibernate.dialect' (remove the property setting and it will be selected by default)
2025-03-06 09:27:10.106 [main] WARN  org.hibernate.orm.deprecation - HHH90000026: MySQL8Dialect has been deprecated; use org.hibernate.dialect.MySQLDialect instead
2025-03-06 09:27:11.565 [main] INFO  o.h.e.t.j.p.i.JtaPlatformInitiator - HHH000489: No JTA platform available (set 'hibernate.transaction.jta.platform' to enable JTA platform integration)
2025-03-06 09:27:11.644 [main] INFO  o.s.o.j.LocalContainerEntityManagerFactoryBean - Initialized JPA EntityManagerFactory for persistence unit 'default'
2025-03-06 09:27:12.049 [main] INFO  o.s.d.j.r.query.QueryEnhancerFactory - Hibernate is in classpath; If applicable, HQL parser will be used.
2025-03-06 09:27:14.050 [main] WARN  o.s.b.a.o.j.JpaBaseConfiguration$JpaWebConfiguration - spring.jpa.open-in-view is enabled by default. Therefore, database queries may be performed during view rendering. Explicitly configure spring.jpa.open-in-view to disable this warning
2025-03-06 09:27:14.241 [main] WARN  o.s.b.w.s.c.AnnotationConfigServletWebServerApplicationContext - Exception encountered during context initialization - cancelling refresh attempt: org.springframework.beans.factory.BeanCreationException: Error creating bean with name 'org.springframework.security.config.annotation.web.configuration.WebSecurityConfiguration': Injection of autowired dependencies failed
2025-03-06 09:27:14.243 [main] INFO  o.s.o.j.LocalContainerEntityManagerFactoryBean - Closing JPA EntityManagerFactory for persistence unit 'default'
2025-03-06 09:27:14.246 [main] INFO  com.zaxxer.hikari.HikariDataSource - HikariPool-1 - Shutdown initiated...
2025-03-06 09:27:14.265 [main] INFO  com.zaxxer.hikari.HikariDataSource - HikariPool-1 - Shutdown completed.
2025-03-06 09:27:14.268 [main] INFO  o.a.catalina.core.StandardService - Stopping service [Tomcat]
2025-03-06 09:27:14.285 [main] INFO  o.s.b.a.l.ConditionEvaluationReportLogger - 

Error starting ApplicationContext. To display the condition evaluation report re-run your application with 'debug' enabled.
2025-03-06 09:27:14.306 [main] ERROR o.s.boot.SpringApplication - Application run failed
org.springframework.beans.factory.BeanCreationException: Error creating bean with name 'org.springframework.security.config.annotation.web.configuration.WebSecurityConfiguration': Injection of autowired dependencies failed
	at org.springframework.beans.factory.annotation.AutowiredAnnotationBeanPostProcessor.postProcessProperties(AutowiredAnnotationBeanPostProcessor.java:515)
	at org.springframework.beans.factory.support.AbstractAutowireCapableBeanFactory.populateBean(AbstractAutowireCapableBeanFactory.java:1439)
	at org.springframework.beans.factory.support.AbstractAutowireCapableBeanFactory.doCreateBean(AbstractAutowireCapableBeanFactory.java:599)
	at org.springframework.beans.factory.support.AbstractAutowireCapableBeanFactory.createBean(AbstractAutowireCapableBeanFactory.java:522)
	at org.springframework.beans.factory.support.AbstractBeanFactory.lambda$doGetBean$0(AbstractBeanFactory.java:337)
	at org.springframework.beans.factory.support.DefaultSingletonBeanRegistry.getSingleton(DefaultSingletonBeanRegistry.java:234)
	at org.springframework.beans.factory.support.AbstractBeanFactory.doGetBean(AbstractBeanFactory.java:335)
	at org.springframework.beans.factory.support.AbstractBeanFactory.getBean(AbstractBeanFactory.java:200)
	at org.springframework.beans.factory.support.DefaultListableBeanFactory.preInstantiateSingletons(DefaultListableBeanFactory.java:975)
	at org.springframework.context.support.AbstractApplicationContext.finishBeanFactoryInitialization(AbstractApplicationContext.java:971)
	at org.springframework.context.support.AbstractApplicationContext.refresh(AbstractApplicationContext.java:625)
	at org.springframework.boot.web.servlet.context.ServletWebServerApplicationContext.refresh(ServletWebServerApplicationContext.java:146)
	at org.springframework.boot.SpringApplication.refresh(SpringApplication.java:754)
	at org.springframework.boot.SpringApplication.refreshContext(SpringApplication.java:456)
	at org.springframework.boot.SpringApplication.run(SpringApplication.java:335)
	at org.springframework.boot.SpringApplication.run(SpringApplication.java:1363)
	at org.springframework.boot.SpringApplication.run(SpringApplication.java:1352)
	at com.practice.QLTV.QltvApplication.main(QltvApplication.java:10)
Caused by: java.lang.RuntimeException: Could not postProcess org.springframework.security.config.annotation.web.builders.WebSecurity@5e7cfcb5 of type class org.springframework.security.config.annotation.web.builders.WebSecurity
	at org.springframework.security.config.annotation.configuration.AutowireBeanFactoryObjectPostProcessor.postProcess(AutowireBeanFactoryObjectPostProcessor.java:71)
	at org.springframework.security.config.annotation.web.configuration.WebSecurityConfiguration.setFilterChainProxySecurityConfigurer(WebSecurityConfiguration.java:148)
	at java.base/jdk.internal.reflect.DirectMethodHandleAccessor.invoke(DirectMethodHandleAccessor.java:103)
	at java.base/java.lang.reflect.Method.invoke(Method.java:580)
	at org.springframework.beans.factory.annotation.AutowiredAnnotationBeanPostProcessor$AutowiredMethodElement.inject(AutowiredAnnotationBeanPostProcessor.java:854)
	at org.springframework.beans.factory.annotation.InjectionMetadata.inject(InjectionMetadata.java:145)
	at org.springframework.beans.factory.annotation.AutowiredAnnotationBeanPostProcessor.postProcessProperties(AutowiredAnnotationBeanPostProcessor.java:509)
	... 17 common frames omitted
Caused by: org.springframework.beans.factory.UnsatisfiedDependencyException: Error creating bean with name 'customPermissionEvaluator' defined in class path resource [com/practice/QLTV/configuration/SecurityConfig.class]: Unsatisfied dependency expressed through method 'customPermissionEvaluator' parameter 0: Error creating bean with name 'securityRoleProperties' defined in class path resource [com/practice/QLTV/configuration/SecurityConfig.class]: Failed to instantiate [java.util.Properties]: Factory method 'securityRoleProperties' threw exception with message: class path resource [roles.properties] cannot be opened because it does not exist
	at org.springframework.beans.factory.support.ConstructorResolver.createArgumentArray(ConstructorResolver.java:795)
	at org.springframework.beans.factory.support.ConstructorResolver.instantiateUsingFactoryMethod(ConstructorResolver.java:542)
	at org.springframework.beans.factory.support.AbstractAutowireCapableBeanFactory.instantiateUsingFactoryMethod(AbstractAutowireCapableBeanFactory.java:1355)
	at org.springframework.beans.factory.support.AbstractAutowireCapableBeanFactory.createBeanInstance(AbstractAutowireCapableBeanFactory.java:1185)
	at org.springframework.beans.factory.support.AbstractAutowireCapableBeanFactory.doCreateBean(AbstractAutowireCapableBeanFactory.java:562)
	at org.springframework.beans.factory.support.AbstractAutowireCapableBeanFactory.createBean(AbstractAutowireCapableBeanFactory.java:522)
	at org.springframework.beans.factory.support.AbstractBeanFactory.lambda$doGetBean$0(AbstractBeanFactory.java:337)
	at org.springframework.beans.factory.support.DefaultSingletonBeanRegistry.getSingleton(DefaultSingletonBeanRegistry.java:234)
	at org.springframework.beans.factory.support.AbstractBeanFactory.doGetBean(AbstractBeanFactory.java:335)
	at org.springframework.beans.factory.support.AbstractBeanFactory.getBean(AbstractBeanFactory.java:225)
	at org.springframework.beans.factory.support.DefaultListableBeanFactory.resolveNamedBean(DefaultListableBeanFactory.java:1323)
	at org.springframework.beans.factory.support.DefaultListableBeanFactory.resolveNamedBean(DefaultListableBeanFactory.java:1284)
	at org.springframework.beans.factory.support.DefaultListableBeanFactory.resolveBean(DefaultListableBeanFactory.java:486)
	at org.springframework.beans.factory.support.DefaultListableBeanFactory.getBean(DefaultListableBeanFactory.java:341)
	at org.springframework.beans.factory.support.DefaultListableBeanFactory.getBean(DefaultListableBeanFactory.java:334)
	at org.springframework.context.support.AbstractApplicationContext.getBean(AbstractApplicationContext.java:1261)
	at org.springframework.security.config.annotation.web.builders.WebSecurity.setApplicationContext(WebSecurity.java:375)
	at org.springframework.context.support.ApplicationContextAwareProcessor.invokeAwareInterfaces(ApplicationContextAwareProcessor.java:110)
	at org.springframework.context.support.ApplicationContextAwareProcessor.postProcessBeforeInitialization(ApplicationContextAwareProcessor.java:85)
	at org.springframework.beans.factory.support.AbstractAutowireCapableBeanFactory.applyBeanPostProcessorsBeforeInitialization(AbstractAutowireCapableBeanFactory.java:422)
	at org.springframework.beans.factory.support.AbstractAutowireCapableBeanFactory.initializeBean(AbstractAutowireCapableBeanFactory.java:1798)
	at org.springframework.beans.factory.support.AbstractAutowireCapableBeanFactory.initializeBean(AbstractAutowireCapableBeanFactory.java:412)
	at org.springframework.security.config.annotation.configuration.AutowireBeanFactoryObjectPostProcessor.initializeBeanIfNeeded(AutowireBeanFactoryObjectPostProcessor.java:98)
	at org.springframework.security.config.annotation.configuration.AutowireBeanFactoryObjectPostProcessor.postProcess(AutowireBeanFactoryObjectPostProcessor.java:67)
	... 23 common frames omitted
Caused by: org.springframework.beans.factory.BeanCreationException: Error creating bean with name 'securityRoleProperties' defined in class path resource [com/practice/QLTV/configuration/SecurityConfig.class]: Failed to instantiate [java.util.Properties]: Factory method 'securityRoleProperties' threw exception with message: class path resource [roles.properties] cannot be opened because it does not exist
	at org.springframework.beans.factory.support.ConstructorResolver.instantiate(ConstructorResolver.java:648)
	at org.springframework.beans.factory.support.ConstructorResolver.instantiateUsingFactoryMethod(ConstructorResolver.java:636)
	at org.springframework.beans.factory.support.AbstractAutowireCapableBeanFactory.instantiateUsingFactoryMethod(AbstractAutowireCapableBeanFactory.java:1355)
	at org.springframework.beans.factory.support.AbstractAutowireCapableBeanFactory.createBeanInstance(AbstractAutowireCapableBeanFactory.java:1185)
	at org.springframework.beans.factory.support.AbstractAutowireCapableBeanFactory.doCreateBean(AbstractAutowireCapableBeanFactory.java:562)
	at org.springframework.beans.factory.support.AbstractAutowireCapableBeanFactory.createBean(AbstractAutowireCapableBeanFactory.java:522)
	at org.springframework.beans.factory.support.AbstractBeanFactory.lambda$doGetBean$0(AbstractBeanFactory.java:337)
	at org.springframework.beans.factory.support.DefaultSingletonBeanRegistry.getSingleton(DefaultSingletonBeanRegistry.java:234)
	at org.springframework.beans.factory.support.AbstractBeanFactory.doGetBean(AbstractBeanFactory.java:335)
	at org.springframework.beans.factory.support.AbstractBeanFactory.getBean(AbstractBeanFactory.java:200)
	at org.springframework.beans.factory.config.DependencyDescriptor.resolveCandidate(DependencyDescriptor.java:254)
	at org.springframework.beans.factory.support.DefaultListableBeanFactory.doResolveDependency(DefaultListableBeanFactory.java:1443)
	at org.springframework.beans.factory.support.DefaultListableBeanFactory.resolveDependency(DefaultListableBeanFactory.java:1353)
	at org.springframework.beans.factory.support.ConstructorResolver.resolveAutowiredArgument(ConstructorResolver.java:904)
	at org.springframework.beans.factory.support.ConstructorResolver.createArgumentArray(ConstructorResolver.java:782)
	... 46 common frames omitted
Caused by: org.springframework.beans.BeanInstantiationException: Failed to instantiate [java.util.Properties]: Factory method 'securityRoleProperties' threw exception with message: class path resource [roles.properties] cannot be opened because it does not exist
	at org.springframework.beans.factory.support.SimpleInstantiationStrategy.instantiate(SimpleInstantiationStrategy.java:178)
	at org.springframework.beans.factory.support.ConstructorResolver.instantiate(ConstructorResolver.java:644)
	... 60 common frames omitted
Caused by: java.io.FileNotFoundException: class path resource [roles.properties] cannot be opened because it does not exist
	at org.springframework.core.io.ClassPathResource.getInputStream(ClassPathResource.java:215)
	at com.practice.QLTV.configuration.SecurityConfig.securityRoleProperties(SecurityConfig.java:96)
	at com.practice.QLTV.configuration.SecurityConfig$$SpringCGLIB$$0.CGLIB$securityRoleProperties$2(<generated>)
	at com.practice.QLTV.configuration.SecurityConfig$$SpringCGLIB$$FastClass$$1.invoke(<generated>)
	at org.springframework.cglib.proxy.MethodProxy.invokeSuper(MethodProxy.java:258)
	at org.springframework.context.annotation.ConfigurationClassEnhancer$BeanMethodInterceptor.intercept(ConfigurationClassEnhancer.java:348)
	at com.practice.QLTV.configuration.SecurityConfig$$SpringCGLIB$$0.securityRoleProperties(<generated>)
	at java.base/jdk.internal.reflect.DirectMethodHandleAccessor.invoke(DirectMethodHandleAccessor.java:103)
	at java.base/java.lang.reflect.Method.invoke(Method.java:580)
	at org.springframework.beans.factory.support.SimpleInstantiationStrategy.instantiate(SimpleInstantiationStrategy.java:146)
	... 61 common frames omitted
2025-03-06 09:27:50.524 [main] INFO  com.practice.QLTV.QltvApplication - Starting QltvApplication using Java 21.0.5 with PID 8904 (D:\Work\Task\QLTV\target\classes started by ACER in D:\Work\Task\QLTV)
2025-03-06 09:27:50.526 [main] DEBUG com.practice.QLTV.QltvApplication - Running with Spring Boot v3.3.4, Spring v6.1.13
2025-03-06 09:27:50.527 [main] INFO  com.practice.QLTV.QltvApplication - No active profile set, falling back to 1 default profile: "default"
2025-03-06 09:27:51.912 [main] INFO  o.s.d.r.c.RepositoryConfigurationDelegate - Bootstrapping Spring Data JPA repositories in DEFAULT mode.
2025-03-06 09:27:52.049 [main] INFO  o.s.d.r.c.RepositoryConfigurationDelegate - Finished Spring Data repository scanning in 124 ms. Found 9 JPA repository interfaces.
2025-03-06 09:27:53.417 [main] INFO  o.s.b.w.e.tomcat.TomcatWebServer - Tomcat initialized with port 6060 (http)
2025-03-06 09:27:53.456 [main] INFO  o.a.coyote.http11.Http11NioProtocol - Initializing ProtocolHandler ["http-nio-6060"]
2025-03-06 09:27:53.468 [main] INFO  o.a.catalina.core.StandardService - Starting service [Tomcat]
2025-03-06 09:27:53.469 [main] INFO  o.a.catalina.core.StandardEngine - Starting Servlet engine: [Apache Tomcat/10.1.30]
2025-03-06 09:27:53.667 [main] INFO  o.a.c.c.C.[.[localhost].[/QLTV] - Initializing Spring embedded WebApplicationContext
2025-03-06 09:27:53.669 [main] INFO  o.s.b.w.s.c.ServletWebServerApplicationContext - Root WebApplicationContext: initialization completed in 3073 ms
2025-03-06 09:27:54.320 [main] INFO  o.h.jpa.internal.util.LogHelper - HHH000204: Processing PersistenceUnitInfo [name: default]
2025-03-06 09:27:54.518 [main] INFO  org.hibernate.Version - HHH000412: Hibernate ORM core version 6.5.3.Final
2025-03-06 09:27:54.570 [main] INFO  o.h.c.i.RegionFactoryInitiator - HHH000026: Second-level cache disabled
2025-03-06 09:27:55.127 [main] INFO  o.s.o.j.p.SpringPersistenceUnitInfo - No LoadTimeWeaver setup: ignoring JPA class transformer
2025-03-06 09:27:55.231 [main] INFO  com.zaxxer.hikari.HikariDataSource - HikariPool-1 - Starting...
2025-03-06 09:27:55.741 [main] INFO  com.zaxxer.hikari.pool.HikariPool - HikariPool-1 - Added connection com.mysql.cj.jdbc.ConnectionImpl@5abc5854
2025-03-06 09:27:55.745 [main] INFO  com.zaxxer.hikari.HikariDataSource - HikariPool-1 - Start completed.
2025-03-06 09:27:55.818 [main] WARN  org.hibernate.orm.deprecation - HHH90000025: MySQL8Dialect does not need to be specified explicitly using 'hibernate.dialect' (remove the property setting and it will be selected by default)
2025-03-06 09:27:55.820 [main] WARN  org.hibernate.orm.deprecation - HHH90000026: MySQL8Dialect has been deprecated; use org.hibernate.dialect.MySQLDialect instead
2025-03-06 09:27:57.301 [main] INFO  o.h.e.t.j.p.i.JtaPlatformInitiator - HHH000489: No JTA platform available (set 'hibernate.transaction.jta.platform' to enable JTA platform integration)
2025-03-06 09:27:57.382 [main] INFO  o.s.o.j.LocalContainerEntityManagerFactoryBean - Initialized JPA EntityManagerFactory for persistence unit 'default'
2025-03-06 09:27:57.763 [main] INFO  o.s.d.j.r.query.QueryEnhancerFactory - Hibernate is in classpath; If applicable, HQL parser will be used.
2025-03-06 09:27:59.591 [main] WARN  o.s.b.a.o.j.JpaBaseConfiguration$JpaWebConfiguration - spring.jpa.open-in-view is enabled by default. Therefore, database queries may be performed during view rendering. Explicitly configure spring.jpa.open-in-view to disable this warning
2025-03-06 09:27:59.779 [main] WARN  o.s.b.w.s.c.AnnotationConfigServletWebServerApplicationContext - Exception encountered during context initialization - cancelling refresh attempt: org.springframework.beans.factory.BeanCreationException: Error creating bean with name 'org.springframework.security.config.annotation.web.configuration.WebSecurityConfiguration': Injection of autowired dependencies failed
2025-03-06 09:27:59.781 [main] INFO  o.s.o.j.LocalContainerEntityManagerFactoryBean - Closing JPA EntityManagerFactory for persistence unit 'default'
2025-03-06 09:27:59.784 [main] INFO  com.zaxxer.hikari.HikariDataSource - HikariPool-1 - Shutdown initiated...
2025-03-06 09:27:59.799 [main] INFO  com.zaxxer.hikari.HikariDataSource - HikariPool-1 - Shutdown completed.
2025-03-06 09:27:59.801 [main] INFO  o.a.catalina.core.StandardService - Stopping service [Tomcat]
2025-03-06 09:27:59.819 [main] INFO  o.s.b.a.l.ConditionEvaluationReportLogger - 

Error starting ApplicationContext. To display the condition evaluation report re-run your application with 'debug' enabled.
2025-03-06 09:27:59.844 [main] ERROR o.s.boot.SpringApplication - Application run failed
org.springframework.beans.factory.BeanCreationException: Error creating bean with name 'org.springframework.security.config.annotation.web.configuration.WebSecurityConfiguration': Injection of autowired dependencies failed
	at org.springframework.beans.factory.annotation.AutowiredAnnotationBeanPostProcessor.postProcessProperties(AutowiredAnnotationBeanPostProcessor.java:515)
	at org.springframework.beans.factory.support.AbstractAutowireCapableBeanFactory.populateBean(AbstractAutowireCapableBeanFactory.java:1439)
	at org.springframework.beans.factory.support.AbstractAutowireCapableBeanFactory.doCreateBean(AbstractAutowireCapableBeanFactory.java:599)
	at org.springframework.beans.factory.support.AbstractAutowireCapableBeanFactory.createBean(AbstractAutowireCapableBeanFactory.java:522)
	at org.springframework.beans.factory.support.AbstractBeanFactory.lambda$doGetBean$0(AbstractBeanFactory.java:337)
	at org.springframework.beans.factory.support.DefaultSingletonBeanRegistry.getSingleton(DefaultSingletonBeanRegistry.java:234)
	at org.springframework.beans.factory.support.AbstractBeanFactory.doGetBean(AbstractBeanFactory.java:335)
	at org.springframework.beans.factory.support.AbstractBeanFactory.getBean(AbstractBeanFactory.java:200)
	at org.springframework.beans.factory.support.DefaultListableBeanFactory.preInstantiateSingletons(DefaultListableBeanFactory.java:975)
	at org.springframework.context.support.AbstractApplicationContext.finishBeanFactoryInitialization(AbstractApplicationContext.java:971)
	at org.springframework.context.support.AbstractApplicationContext.refresh(AbstractApplicationContext.java:625)
	at org.springframework.boot.web.servlet.context.ServletWebServerApplicationContext.refresh(ServletWebServerApplicationContext.java:146)
	at org.springframework.boot.SpringApplication.refresh(SpringApplication.java:754)
	at org.springframework.boot.SpringApplication.refreshContext(SpringApplication.java:456)
	at org.springframework.boot.SpringApplication.run(SpringApplication.java:335)
	at org.springframework.boot.SpringApplication.run(SpringApplication.java:1363)
	at org.springframework.boot.SpringApplication.run(SpringApplication.java:1352)
	at com.practice.QLTV.QltvApplication.main(QltvApplication.java:10)
Caused by: java.lang.RuntimeException: Could not postProcess org.springframework.security.config.annotation.web.builders.WebSecurity@75931d62 of type class org.springframework.security.config.annotation.web.builders.WebSecurity
	at org.springframework.security.config.annotation.configuration.AutowireBeanFactoryObjectPostProcessor.postProcess(AutowireBeanFactoryObjectPostProcessor.java:71)
	at org.springframework.security.config.annotation.web.configuration.WebSecurityConfiguration.setFilterChainProxySecurityConfigurer(WebSecurityConfiguration.java:148)
	at java.base/jdk.internal.reflect.DirectMethodHandleAccessor.invoke(DirectMethodHandleAccessor.java:103)
	at java.base/java.lang.reflect.Method.invoke(Method.java:580)
	at org.springframework.beans.factory.annotation.AutowiredAnnotationBeanPostProcessor$AutowiredMethodElement.inject(AutowiredAnnotationBeanPostProcessor.java:854)
	at org.springframework.beans.factory.annotation.InjectionMetadata.inject(InjectionMetadata.java:145)
	at org.springframework.beans.factory.annotation.AutowiredAnnotationBeanPostProcessor.postProcessProperties(AutowiredAnnotationBeanPostProcessor.java:509)
	... 17 common frames omitted
Caused by: org.springframework.beans.factory.UnsatisfiedDependencyException: Error creating bean with name 'customPermissionEvaluator' defined in class path resource [com/practice/QLTV/configuration/SecurityConfig.class]: Unsatisfied dependency expressed through method 'customPermissionEvaluator' parameter 0: Error creating bean with name 'securityRoleProperties' defined in class path resource [com/practice/QLTV/configuration/SecurityConfig.class]: Failed to instantiate [java.util.Properties]: Factory method 'securityRoleProperties' threw exception with message: class path resource [roles.properties] cannot be opened because it does not exist
	at org.springframework.beans.factory.support.ConstructorResolver.createArgumentArray(ConstructorResolver.java:795)
	at org.springframework.beans.factory.support.ConstructorResolver.instantiateUsingFactoryMethod(ConstructorResolver.java:542)
	at org.springframework.beans.factory.support.AbstractAutowireCapableBeanFactory.instantiateUsingFactoryMethod(AbstractAutowireCapableBeanFactory.java:1355)
	at org.springframework.beans.factory.support.AbstractAutowireCapableBeanFactory.createBeanInstance(AbstractAutowireCapableBeanFactory.java:1185)
	at org.springframework.beans.factory.support.AbstractAutowireCapableBeanFactory.doCreateBean(AbstractAutowireCapableBeanFactory.java:562)
	at org.springframework.beans.factory.support.AbstractAutowireCapableBeanFactory.createBean(AbstractAutowireCapableBeanFactory.java:522)
	at org.springframework.beans.factory.support.AbstractBeanFactory.lambda$doGetBean$0(AbstractBeanFactory.java:337)
	at org.springframework.beans.factory.support.DefaultSingletonBeanRegistry.getSingleton(DefaultSingletonBeanRegistry.java:234)
	at org.springframework.beans.factory.support.AbstractBeanFactory.doGetBean(AbstractBeanFactory.java:335)
	at org.springframework.beans.factory.support.AbstractBeanFactory.getBean(AbstractBeanFactory.java:225)
	at org.springframework.beans.factory.support.DefaultListableBeanFactory.resolveNamedBean(DefaultListableBeanFactory.java:1323)
	at org.springframework.beans.factory.support.DefaultListableBeanFactory.resolveNamedBean(DefaultListableBeanFactory.java:1284)
	at org.springframework.beans.factory.support.DefaultListableBeanFactory.resolveBean(DefaultListableBeanFactory.java:486)
	at org.springframework.beans.factory.support.DefaultListableBeanFactory.getBean(DefaultListableBeanFactory.java:341)
	at org.springframework.beans.factory.support.DefaultListableBeanFactory.getBean(DefaultListableBeanFactory.java:334)
	at org.springframework.context.support.AbstractApplicationContext.getBean(AbstractApplicationContext.java:1261)
	at org.springframework.security.config.annotation.web.builders.WebSecurity.setApplicationContext(WebSecurity.java:375)
	at org.springframework.context.support.ApplicationContextAwareProcessor.invokeAwareInterfaces(ApplicationContextAwareProcessor.java:110)
	at org.springframework.context.support.ApplicationContextAwareProcessor.postProcessBeforeInitialization(ApplicationContextAwareProcessor.java:85)
	at org.springframework.beans.factory.support.AbstractAutowireCapableBeanFactory.applyBeanPostProcessorsBeforeInitialization(AbstractAutowireCapableBeanFactory.java:422)
	at org.springframework.beans.factory.support.AbstractAutowireCapableBeanFactory.initializeBean(AbstractAutowireCapableBeanFactory.java:1798)
	at org.springframework.beans.factory.support.AbstractAutowireCapableBeanFactory.initializeBean(AbstractAutowireCapableBeanFactory.java:412)
	at org.springframework.security.config.annotation.configuration.AutowireBeanFactoryObjectPostProcessor.initializeBeanIfNeeded(AutowireBeanFactoryObjectPostProcessor.java:98)
	at org.springframework.security.config.annotation.configuration.AutowireBeanFactoryObjectPostProcessor.postProcess(AutowireBeanFactoryObjectPostProcessor.java:67)
	... 23 common frames omitted
Caused by: org.springframework.beans.factory.BeanCreationException: Error creating bean with name 'securityRoleProperties' defined in class path resource [com/practice/QLTV/configuration/SecurityConfig.class]: Failed to instantiate [java.util.Properties]: Factory method 'securityRoleProperties' threw exception with message: class path resource [roles.properties] cannot be opened because it does not exist
	at org.springframework.beans.factory.support.ConstructorResolver.instantiate(ConstructorResolver.java:648)
	at org.springframework.beans.factory.support.ConstructorResolver.instantiateUsingFactoryMethod(ConstructorResolver.java:636)
	at org.springframework.beans.factory.support.AbstractAutowireCapableBeanFactory.instantiateUsingFactoryMethod(AbstractAutowireCapableBeanFactory.java:1355)
	at org.springframework.beans.factory.support.AbstractAutowireCapableBeanFactory.createBeanInstance(AbstractAutowireCapableBeanFactory.java:1185)
	at org.springframework.beans.factory.support.AbstractAutowireCapableBeanFactory.doCreateBean(AbstractAutowireCapableBeanFactory.java:562)
	at org.springframework.beans.factory.support.AbstractAutowireCapableBeanFactory.createBean(AbstractAutowireCapableBeanFactory.java:522)
	at org.springframework.beans.factory.support.AbstractBeanFactory.lambda$doGetBean$0(AbstractBeanFactory.java:337)
	at org.springframework.beans.factory.support.DefaultSingletonBeanRegistry.getSingleton(DefaultSingletonBeanRegistry.java:234)
	at org.springframework.beans.factory.support.AbstractBeanFactory.doGetBean(AbstractBeanFactory.java:335)
	at org.springframework.beans.factory.support.AbstractBeanFactory.getBean(AbstractBeanFactory.java:200)
	at org.springframework.beans.factory.config.DependencyDescriptor.resolveCandidate(DependencyDescriptor.java:254)
	at org.springframework.beans.factory.support.DefaultListableBeanFactory.doResolveDependency(DefaultListableBeanFactory.java:1443)
	at org.springframework.beans.factory.support.DefaultListableBeanFactory.resolveDependency(DefaultListableBeanFactory.java:1353)
	at org.springframework.beans.factory.support.ConstructorResolver.resolveAutowiredArgument(ConstructorResolver.java:904)
	at org.springframework.beans.factory.support.ConstructorResolver.createArgumentArray(ConstructorResolver.java:782)
	... 46 common frames omitted
Caused by: org.springframework.beans.BeanInstantiationException: Failed to instantiate [java.util.Properties]: Factory method 'securityRoleProperties' threw exception with message: class path resource [roles.properties] cannot be opened because it does not exist
	at org.springframework.beans.factory.support.SimpleInstantiationStrategy.instantiate(SimpleInstantiationStrategy.java:178)
	at org.springframework.beans.factory.support.ConstructorResolver.instantiate(ConstructorResolver.java:644)
	... 60 common frames omitted
Caused by: java.io.FileNotFoundException: class path resource [roles.properties] cannot be opened because it does not exist
	at org.springframework.core.io.ClassPathResource.getInputStream(ClassPathResource.java:215)
	at com.practice.QLTV.configuration.SecurityConfig.securityRoleProperties(SecurityConfig.java:96)
	at com.practice.QLTV.configuration.SecurityConfig$$SpringCGLIB$$0.CGLIB$securityRoleProperties$2(<generated>)
	at com.practice.QLTV.configuration.SecurityConfig$$SpringCGLIB$$FastClass$$1.invoke(<generated>)
	at org.springframework.cglib.proxy.MethodProxy.invokeSuper(MethodProxy.java:258)
	at org.springframework.context.annotation.ConfigurationClassEnhancer$BeanMethodInterceptor.intercept(ConfigurationClassEnhancer.java:348)
	at com.practice.QLTV.configuration.SecurityConfig$$SpringCGLIB$$0.securityRoleProperties(<generated>)
	at java.base/jdk.internal.reflect.DirectMethodHandleAccessor.invoke(DirectMethodHandleAccessor.java:103)
	at java.base/java.lang.reflect.Method.invoke(Method.java:580)
	at org.springframework.beans.factory.support.SimpleInstantiationStrategy.instantiate(SimpleInstantiationStrategy.java:146)
	... 61 common frames omitted
2025-03-06 09:30:03.174 [main] INFO  com.practice.QLTV.QltvApplication - Starting QltvApplication using Java 21.0.5 with PID 11552 (D:\Work\Task\QLTV\target\classes started by ACER in D:\Work\Task\QLTV)
2025-03-06 09:30:03.176 [main] DEBUG com.practice.QLTV.QltvApplication - Running with Spring Boot v3.3.4, Spring v6.1.13
2025-03-06 09:30:03.177 [main] INFO  com.practice.QLTV.QltvApplication - No active profile set, falling back to 1 default profile: "default"
2025-03-06 09:30:04.536 [main] INFO  o.s.d.r.c.RepositoryConfigurationDelegate - Bootstrapping Spring Data JPA repositories in DEFAULT mode.
2025-03-06 09:30:04.674 [main] INFO  o.s.d.r.c.RepositoryConfigurationDelegate - Finished Spring Data repository scanning in 123 ms. Found 9 JPA repository interfaces.
2025-03-06 09:30:05.906 [main] INFO  o.s.b.w.e.tomcat.TomcatWebServer - Tomcat initialized with port 6060 (http)
2025-03-06 09:30:05.959 [main] INFO  o.a.coyote.http11.Http11NioProtocol - Initializing ProtocolHandler ["http-nio-6060"]
2025-03-06 09:30:05.972 [main] INFO  o.a.catalina.core.StandardService - Starting service [Tomcat]
2025-03-06 09:30:05.973 [main] INFO  o.a.catalina.core.StandardEngine - Starting Servlet engine: [Apache Tomcat/10.1.30]
2025-03-06 09:30:06.129 [main] INFO  o.a.c.c.C.[.[localhost].[/QLTV] - Initializing Spring embedded WebApplicationContext
2025-03-06 09:30:06.132 [main] INFO  o.s.b.w.s.c.ServletWebServerApplicationContext - Root WebApplicationContext: initialization completed in 2885 ms
2025-03-06 09:30:06.833 [main] INFO  o.h.jpa.internal.util.LogHelper - HHH000204: Processing PersistenceUnitInfo [name: default]
2025-03-06 09:30:07.096 [main] INFO  org.hibernate.Version - HHH000412: Hibernate ORM core version 6.5.3.Final
2025-03-06 09:30:07.148 [main] INFO  o.h.c.i.RegionFactoryInitiator - HHH000026: Second-level cache disabled
2025-03-06 09:30:07.778 [main] INFO  o.s.o.j.p.SpringPersistenceUnitInfo - No LoadTimeWeaver setup: ignoring JPA class transformer
2025-03-06 09:30:07.871 [main] INFO  com.zaxxer.hikari.HikariDataSource - HikariPool-1 - Starting...
2025-03-06 09:30:08.359 [main] INFO  com.zaxxer.hikari.pool.HikariPool - HikariPool-1 - Added connection com.mysql.cj.jdbc.ConnectionImpl@7b795db7
2025-03-06 09:30:08.365 [main] INFO  com.zaxxer.hikari.HikariDataSource - HikariPool-1 - Start completed.
2025-03-06 09:30:08.432 [main] WARN  org.hibernate.orm.deprecation - HHH90000025: MySQL8Dialect does not need to be specified explicitly using 'hibernate.dialect' (remove the property setting and it will be selected by default)
2025-03-06 09:30:08.434 [main] WARN  org.hibernate.orm.deprecation - HHH90000026: MySQL8Dialect has been deprecated; use org.hibernate.dialect.MySQLDialect instead
2025-03-06 09:30:09.876 [main] INFO  o.h.e.t.j.p.i.JtaPlatformInitiator - HHH000489: No JTA platform available (set 'hibernate.transaction.jta.platform' to enable JTA platform integration)
2025-03-06 09:30:09.956 [main] INFO  o.s.o.j.LocalContainerEntityManagerFactoryBean - Initialized JPA EntityManagerFactory for persistence unit 'default'
2025-03-06 09:30:10.311 [main] INFO  o.s.d.j.r.query.QueryEnhancerFactory - Hibernate is in classpath; If applicable, HQL parser will be used.
2025-03-06 09:30:12.129 [main] WARN  o.s.b.a.o.j.JpaBaseConfiguration$JpaWebConfiguration - spring.jpa.open-in-view is enabled by default. Therefore, database queries may be performed during view rendering. Explicitly configure spring.jpa.open-in-view to disable this warning
2025-03-06 09:30:12.342 [main] WARN  o.s.b.w.s.c.AnnotationConfigServletWebServerApplicationContext - Exception encountered during context initialization - cancelling refresh attempt: org.springframework.beans.factory.BeanCreationException: Error creating bean with name 'org.springframework.security.config.annotation.web.configuration.WebSecurityConfiguration': Injection of autowired dependencies failed
2025-03-06 09:30:12.344 [main] INFO  o.s.o.j.LocalContainerEntityManagerFactoryBean - Closing JPA EntityManagerFactory for persistence unit 'default'
2025-03-06 09:30:12.347 [main] INFO  com.zaxxer.hikari.HikariDataSource - HikariPool-1 - Shutdown initiated...
2025-03-06 09:30:12.363 [main] INFO  com.zaxxer.hikari.HikariDataSource - HikariPool-1 - Shutdown completed.
2025-03-06 09:30:12.367 [main] INFO  o.a.catalina.core.StandardService - Stopping service [Tomcat]
2025-03-06 09:30:12.390 [main] INFO  o.s.b.a.l.ConditionEvaluationReportLogger - 

Error starting ApplicationContext. To display the condition evaluation report re-run your application with 'debug' enabled.
2025-03-06 09:30:12.439 [main] ERROR o.s.boot.SpringApplication - Application run failed
org.springframework.beans.factory.BeanCreationException: Error creating bean with name 'org.springframework.security.config.annotation.web.configuration.WebSecurityConfiguration': Injection of autowired dependencies failed
	at org.springframework.beans.factory.annotation.AutowiredAnnotationBeanPostProcessor.postProcessProperties(AutowiredAnnotationBeanPostProcessor.java:515)
	at org.springframework.beans.factory.support.AbstractAutowireCapableBeanFactory.populateBean(AbstractAutowireCapableBeanFactory.java:1439)
	at org.springframework.beans.factory.support.AbstractAutowireCapableBeanFactory.doCreateBean(AbstractAutowireCapableBeanFactory.java:599)
	at org.springframework.beans.factory.support.AbstractAutowireCapableBeanFactory.createBean(AbstractAutowireCapableBeanFactory.java:522)
	at org.springframework.beans.factory.support.AbstractBeanFactory.lambda$doGetBean$0(AbstractBeanFactory.java:337)
	at org.springframework.beans.factory.support.DefaultSingletonBeanRegistry.getSingleton(DefaultSingletonBeanRegistry.java:234)
	at org.springframework.beans.factory.support.AbstractBeanFactory.doGetBean(AbstractBeanFactory.java:335)
	at org.springframework.beans.factory.support.AbstractBeanFactory.getBean(AbstractBeanFactory.java:200)
	at org.springframework.beans.factory.support.DefaultListableBeanFactory.preInstantiateSingletons(DefaultListableBeanFactory.java:975)
	at org.springframework.context.support.AbstractApplicationContext.finishBeanFactoryInitialization(AbstractApplicationContext.java:971)
	at org.springframework.context.support.AbstractApplicationContext.refresh(AbstractApplicationContext.java:625)
	at org.springframework.boot.web.servlet.context.ServletWebServerApplicationContext.refresh(ServletWebServerApplicationContext.java:146)
	at org.springframework.boot.SpringApplication.refresh(SpringApplication.java:754)
	at org.springframework.boot.SpringApplication.refreshContext(SpringApplication.java:456)
	at org.springframework.boot.SpringApplication.run(SpringApplication.java:335)
	at org.springframework.boot.SpringApplication.run(SpringApplication.java:1363)
	at org.springframework.boot.SpringApplication.run(SpringApplication.java:1352)
	at com.practice.QLTV.QltvApplication.main(QltvApplication.java:10)
Caused by: java.lang.RuntimeException: Could not postProcess org.springframework.security.config.annotation.web.builders.WebSecurity@adeb5a6 of type class org.springframework.security.config.annotation.web.builders.WebSecurity
	at org.springframework.security.config.annotation.configuration.AutowireBeanFactoryObjectPostProcessor.postProcess(AutowireBeanFactoryObjectPostProcessor.java:71)
	at org.springframework.security.config.annotation.web.configuration.WebSecurityConfiguration.setFilterChainProxySecurityConfigurer(WebSecurityConfiguration.java:148)
	at java.base/jdk.internal.reflect.DirectMethodHandleAccessor.invoke(DirectMethodHandleAccessor.java:103)
	at java.base/java.lang.reflect.Method.invoke(Method.java:580)
	at org.springframework.beans.factory.annotation.AutowiredAnnotationBeanPostProcessor$AutowiredMethodElement.inject(AutowiredAnnotationBeanPostProcessor.java:854)
	at org.springframework.beans.factory.annotation.InjectionMetadata.inject(InjectionMetadata.java:145)
	at org.springframework.beans.factory.annotation.AutowiredAnnotationBeanPostProcessor.postProcessProperties(AutowiredAnnotationBeanPostProcessor.java:509)
	... 17 common frames omitted
Caused by: org.springframework.beans.factory.UnsatisfiedDependencyException: Error creating bean with name 'customPermissionEvaluator' defined in class path resource [com/practice/QLTV/configuration/SecurityConfig.class]: Unsatisfied dependency expressed through method 'customPermissionEvaluator' parameter 0: Error creating bean with name 'role' defined in class path resource [com/practice/QLTV/configuration/SecurityConfig.class]: Failed to instantiate [java.util.Properties]: Factory method 'role' threw exception with message: class path resource [roles.properties] cannot be opened because it does not exist
	at org.springframework.beans.factory.support.ConstructorResolver.createArgumentArray(ConstructorResolver.java:795)
	at org.springframework.beans.factory.support.ConstructorResolver.instantiateUsingFactoryMethod(ConstructorResolver.java:542)
	at org.springframework.beans.factory.support.AbstractAutowireCapableBeanFactory.instantiateUsingFactoryMethod(AbstractAutowireCapableBeanFactory.java:1355)
	at org.springframework.beans.factory.support.AbstractAutowireCapableBeanFactory.createBeanInstance(AbstractAutowireCapableBeanFactory.java:1185)
	at org.springframework.beans.factory.support.AbstractAutowireCapableBeanFactory.doCreateBean(AbstractAutowireCapableBeanFactory.java:562)
	at org.springframework.beans.factory.support.AbstractAutowireCapableBeanFactory.createBean(AbstractAutowireCapableBeanFactory.java:522)
	at org.springframework.beans.factory.support.AbstractBeanFactory.lambda$doGetBean$0(AbstractBeanFactory.java:337)
	at org.springframework.beans.factory.support.DefaultSingletonBeanRegistry.getSingleton(DefaultSingletonBeanRegistry.java:234)
	at org.springframework.beans.factory.support.AbstractBeanFactory.doGetBean(AbstractBeanFactory.java:335)
	at org.springframework.beans.factory.support.AbstractBeanFactory.getBean(AbstractBeanFactory.java:225)
	at org.springframework.beans.factory.support.DefaultListableBeanFactory.resolveNamedBean(DefaultListableBeanFactory.java:1323)
	at org.springframework.beans.factory.support.DefaultListableBeanFactory.resolveNamedBean(DefaultListableBeanFactory.java:1284)
	at org.springframework.beans.factory.support.DefaultListableBeanFactory.resolveBean(DefaultListableBeanFactory.java:486)
	at org.springframework.beans.factory.support.DefaultListableBeanFactory.getBean(DefaultListableBeanFactory.java:341)
	at org.springframework.beans.factory.support.DefaultListableBeanFactory.getBean(DefaultListableBeanFactory.java:334)
	at org.springframework.context.support.AbstractApplicationContext.getBean(AbstractApplicationContext.java:1261)
	at org.springframework.security.config.annotation.web.builders.WebSecurity.setApplicationContext(WebSecurity.java:375)
	at org.springframework.context.support.ApplicationContextAwareProcessor.invokeAwareInterfaces(ApplicationContextAwareProcessor.java:110)
	at org.springframework.context.support.ApplicationContextAwareProcessor.postProcessBeforeInitialization(ApplicationContextAwareProcessor.java:85)
	at org.springframework.beans.factory.support.AbstractAutowireCapableBeanFactory.applyBeanPostProcessorsBeforeInitialization(AbstractAutowireCapableBeanFactory.java:422)
	at org.springframework.beans.factory.support.AbstractAutowireCapableBeanFactory.initializeBean(AbstractAutowireCapableBeanFactory.java:1798)
	at org.springframework.beans.factory.support.AbstractAutowireCapableBeanFactory.initializeBean(AbstractAutowireCapableBeanFactory.java:412)
	at org.springframework.security.config.annotation.configuration.AutowireBeanFactoryObjectPostProcessor.initializeBeanIfNeeded(AutowireBeanFactoryObjectPostProcessor.java:98)
	at org.springframework.security.config.annotation.configuration.AutowireBeanFactoryObjectPostProcessor.postProcess(AutowireBeanFactoryObjectPostProcessor.java:67)
	... 23 common frames omitted
Caused by: org.springframework.beans.factory.BeanCreationException: Error creating bean with name 'role' defined in class path resource [com/practice/QLTV/configuration/SecurityConfig.class]: Failed to instantiate [java.util.Properties]: Factory method 'role' threw exception with message: class path resource [roles.properties] cannot be opened because it does not exist
	at org.springframework.beans.factory.support.ConstructorResolver.instantiate(ConstructorResolver.java:648)
	at org.springframework.beans.factory.support.ConstructorResolver.instantiateUsingFactoryMethod(ConstructorResolver.java:636)
	at org.springframework.beans.factory.support.AbstractAutowireCapableBeanFactory.instantiateUsingFactoryMethod(AbstractAutowireCapableBeanFactory.java:1355)
	at org.springframework.beans.factory.support.AbstractAutowireCapableBeanFactory.createBeanInstance(AbstractAutowireCapableBeanFactory.java:1185)
	at org.springframework.beans.factory.support.AbstractAutowireCapableBeanFactory.doCreateBean(AbstractAutowireCapableBeanFactory.java:562)
	at org.springframework.beans.factory.support.AbstractAutowireCapableBeanFactory.createBean(AbstractAutowireCapableBeanFactory.java:522)
	at org.springframework.beans.factory.support.AbstractBeanFactory.lambda$doGetBean$0(AbstractBeanFactory.java:337)
	at org.springframework.beans.factory.support.DefaultSingletonBeanRegistry.getSingleton(DefaultSingletonBeanRegistry.java:234)
	at org.springframework.beans.factory.support.AbstractBeanFactory.doGetBean(AbstractBeanFactory.java:335)
	at org.springframework.beans.factory.support.AbstractBeanFactory.getBean(AbstractBeanFactory.java:200)
	at org.springframework.beans.factory.config.DependencyDescriptor.resolveCandidate(DependencyDescriptor.java:254)
	at org.springframework.beans.factory.support.DefaultListableBeanFactory.doResolveDependency(DefaultListableBeanFactory.java:1443)
	at org.springframework.beans.factory.support.DefaultListableBeanFactory.resolveDependency(DefaultListableBeanFactory.java:1353)
	at org.springframework.beans.factory.support.ConstructorResolver.resolveAutowiredArgument(ConstructorResolver.java:904)
	at org.springframework.beans.factory.support.ConstructorResolver.createArgumentArray(ConstructorResolver.java:782)
	... 46 common frames omitted
Caused by: org.springframework.beans.BeanInstantiationException: Failed to instantiate [java.util.Properties]: Factory method 'role' threw exception with message: class path resource [roles.properties] cannot be opened because it does not exist
	at org.springframework.beans.factory.support.SimpleInstantiationStrategy.instantiate(SimpleInstantiationStrategy.java:178)
	at org.springframework.beans.factory.support.ConstructorResolver.instantiate(ConstructorResolver.java:644)
	... 60 common frames omitted
Caused by: java.io.FileNotFoundException: class path resource [roles.properties] cannot be opened because it does not exist
	at org.springframework.core.io.ClassPathResource.getInputStream(ClassPathResource.java:215)
	at com.practice.QLTV.configuration.SecurityConfig.role(SecurityConfig.java:98)
	at com.practice.QLTV.configuration.SecurityConfig$$SpringCGLIB$$0.CGLIB$role$0(<generated>)
	at com.practice.QLTV.configuration.SecurityConfig$$SpringCGLIB$$FastClass$$1.invoke(<generated>)
	at org.springframework.cglib.proxy.MethodProxy.invokeSuper(MethodProxy.java:258)
	at org.springframework.context.annotation.ConfigurationClassEnhancer$BeanMethodInterceptor.intercept(ConfigurationClassEnhancer.java:348)
	at com.practice.QLTV.configuration.SecurityConfig$$SpringCGLIB$$0.role(<generated>)
	at java.base/jdk.internal.reflect.DirectMethodHandleAccessor.invoke(DirectMethodHandleAccessor.java:103)
	at java.base/java.lang.reflect.Method.invoke(Method.java:580)
	at org.springframework.beans.factory.support.SimpleInstantiationStrategy.instantiate(SimpleInstantiationStrategy.java:146)
	... 61 common frames omitted
2025-03-06 09:33:58.629 [main] INFO  com.practice.QLTV.QltvApplication - Starting QltvApplication using Java 21.0.5 with PID 3740 (D:\Work\Task\QLTV\target\classes started by ACER in D:\Work\Task\QLTV)
2025-03-06 09:33:58.631 [main] DEBUG com.practice.QLTV.QltvApplication - Running with Spring Boot v3.3.4, Spring v6.1.13
2025-03-06 09:33:58.632 [main] INFO  com.practice.QLTV.QltvApplication - No active profile set, falling back to 1 default profile: "default"
2025-03-06 09:34:00.055 [main] INFO  o.s.d.r.c.RepositoryConfigurationDelegate - Bootstrapping Spring Data JPA repositories in DEFAULT mode.
2025-03-06 09:34:00.197 [main] INFO  o.s.d.r.c.RepositoryConfigurationDelegate - Finished Spring Data repository scanning in 127 ms. Found 9 JPA repository interfaces.
2025-03-06 09:34:01.447 [main] INFO  o.s.b.w.e.tomcat.TomcatWebServer - Tomcat initialized with port 6060 (http)
2025-03-06 09:34:01.493 [main] INFO  o.a.coyote.http11.Http11NioProtocol - Initializing ProtocolHandler ["http-nio-6060"]
2025-03-06 09:34:01.507 [main] INFO  o.a.catalina.core.StandardService - Starting service [Tomcat]
2025-03-06 09:34:01.508 [main] INFO  o.a.catalina.core.StandardEngine - Starting Servlet engine: [Apache Tomcat/10.1.30]
2025-03-06 09:34:01.680 [main] INFO  o.a.c.c.C.[.[localhost].[/QLTV] - Initializing Spring embedded WebApplicationContext
2025-03-06 09:34:01.682 [main] INFO  o.s.b.w.s.c.ServletWebServerApplicationContext - Root WebApplicationContext: initialization completed in 2985 ms
2025-03-06 09:34:02.345 [main] INFO  o.h.jpa.internal.util.LogHelper - HHH000204: Processing PersistenceUnitInfo [name: default]
2025-03-06 09:34:02.512 [main] INFO  org.hibernate.Version - HHH000412: Hibernate ORM core version 6.5.3.Final
2025-03-06 09:34:02.573 [main] INFO  o.h.c.i.RegionFactoryInitiator - HHH000026: Second-level cache disabled
2025-03-06 09:34:03.166 [main] INFO  o.s.o.j.p.SpringPersistenceUnitInfo - No LoadTimeWeaver setup: ignoring JPA class transformer
2025-03-06 09:34:03.238 [main] INFO  com.zaxxer.hikari.HikariDataSource - HikariPool-1 - Starting...
2025-03-06 09:34:03.721 [main] INFO  com.zaxxer.hikari.pool.HikariPool - HikariPool-1 - Added connection com.mysql.cj.jdbc.ConnectionImpl@79ec57b8
2025-03-06 09:34:03.727 [main] INFO  com.zaxxer.hikari.HikariDataSource - HikariPool-1 - Start completed.
2025-03-06 09:34:03.794 [main] WARN  org.hibernate.orm.deprecation - HHH90000025: MySQL8Dialect does not need to be specified explicitly using 'hibernate.dialect' (remove the property setting and it will be selected by default)
2025-03-06 09:34:03.795 [main] WARN  org.hibernate.orm.deprecation - HHH90000026: MySQL8Dialect has been deprecated; use org.hibernate.dialect.MySQLDialect instead
2025-03-06 09:34:05.266 [main] INFO  o.h.e.t.j.p.i.JtaPlatformInitiator - HHH000489: No JTA platform available (set 'hibernate.transaction.jta.platform' to enable JTA platform integration)
2025-03-06 09:34:05.346 [main] INFO  o.s.o.j.LocalContainerEntityManagerFactoryBean - Initialized JPA EntityManagerFactory for persistence unit 'default'
2025-03-06 09:34:05.684 [main] INFO  o.s.d.j.r.query.QueryEnhancerFactory - Hibernate is in classpath; If applicable, HQL parser will be used.
2025-03-06 09:34:07.698 [main] WARN  o.s.b.a.o.j.JpaBaseConfiguration$JpaWebConfiguration - spring.jpa.open-in-view is enabled by default. Therefore, database queries may be performed during view rendering. Explicitly configure spring.jpa.open-in-view to disable this warning
2025-03-06 09:34:07.919 [main] WARN  o.s.b.w.s.c.AnnotationConfigServletWebServerApplicationContext - Exception encountered during context initialization - cancelling refresh attempt: org.springframework.beans.factory.BeanCreationException: Error creating bean with name 'org.springframework.security.config.annotation.web.configuration.WebSecurityConfiguration': Injection of autowired dependencies failed
2025-03-06 09:34:07.921 [main] INFO  o.s.o.j.LocalContainerEntityManagerFactoryBean - Closing JPA EntityManagerFactory for persistence unit 'default'
2025-03-06 09:34:07.926 [main] INFO  com.zaxxer.hikari.HikariDataSource - HikariPool-1 - Shutdown initiated...
2025-03-06 09:34:07.946 [main] INFO  com.zaxxer.hikari.HikariDataSource - HikariPool-1 - Shutdown completed.
2025-03-06 09:34:07.951 [main] INFO  o.a.catalina.core.StandardService - Stopping service [Tomcat]
2025-03-06 09:34:07.968 [main] INFO  o.s.b.a.l.ConditionEvaluationReportLogger - 

Error starting ApplicationContext. To display the condition evaluation report re-run your application with 'debug' enabled.
2025-03-06 09:34:07.991 [main] ERROR o.s.boot.SpringApplication - Application run failed
org.springframework.beans.factory.BeanCreationException: Error creating bean with name 'org.springframework.security.config.annotation.web.configuration.WebSecurityConfiguration': Injection of autowired dependencies failed
	at org.springframework.beans.factory.annotation.AutowiredAnnotationBeanPostProcessor.postProcessProperties(AutowiredAnnotationBeanPostProcessor.java:515)
	at org.springframework.beans.factory.support.AbstractAutowireCapableBeanFactory.populateBean(AbstractAutowireCapableBeanFactory.java:1439)
	at org.springframework.beans.factory.support.AbstractAutowireCapableBeanFactory.doCreateBean(AbstractAutowireCapableBeanFactory.java:599)
	at org.springframework.beans.factory.support.AbstractAutowireCapableBeanFactory.createBean(AbstractAutowireCapableBeanFactory.java:522)
	at org.springframework.beans.factory.support.AbstractBeanFactory.lambda$doGetBean$0(AbstractBeanFactory.java:337)
	at org.springframework.beans.factory.support.DefaultSingletonBeanRegistry.getSingleton(DefaultSingletonBeanRegistry.java:234)
	at org.springframework.beans.factory.support.AbstractBeanFactory.doGetBean(AbstractBeanFactory.java:335)
	at org.springframework.beans.factory.support.AbstractBeanFactory.getBean(AbstractBeanFactory.java:200)
	at org.springframework.beans.factory.support.DefaultListableBeanFactory.preInstantiateSingletons(DefaultListableBeanFactory.java:975)
	at org.springframework.context.support.AbstractApplicationContext.finishBeanFactoryInitialization(AbstractApplicationContext.java:971)
	at org.springframework.context.support.AbstractApplicationContext.refresh(AbstractApplicationContext.java:625)
	at org.springframework.boot.web.servlet.context.ServletWebServerApplicationContext.refresh(ServletWebServerApplicationContext.java:146)
	at org.springframework.boot.SpringApplication.refresh(SpringApplication.java:754)
	at org.springframework.boot.SpringApplication.refreshContext(SpringApplication.java:456)
	at org.springframework.boot.SpringApplication.run(SpringApplication.java:335)
	at org.springframework.boot.SpringApplication.run(SpringApplication.java:1363)
	at org.springframework.boot.SpringApplication.run(SpringApplication.java:1352)
	at com.practice.QLTV.QltvApplication.main(QltvApplication.java:10)
Caused by: java.lang.RuntimeException: Could not postProcess org.springframework.security.config.annotation.web.builders.WebSecurity@3ec457ec of type class org.springframework.security.config.annotation.web.builders.WebSecurity
	at org.springframework.security.config.annotation.configuration.AutowireBeanFactoryObjectPostProcessor.postProcess(AutowireBeanFactoryObjectPostProcessor.java:71)
	at org.springframework.security.config.annotation.web.configuration.WebSecurityConfiguration.setFilterChainProxySecurityConfigurer(WebSecurityConfiguration.java:148)
	at java.base/jdk.internal.reflect.DirectMethodHandleAccessor.invoke(DirectMethodHandleAccessor.java:103)
	at java.base/java.lang.reflect.Method.invoke(Method.java:580)
	at org.springframework.beans.factory.annotation.AutowiredAnnotationBeanPostProcessor$AutowiredMethodElement.inject(AutowiredAnnotationBeanPostProcessor.java:854)
	at org.springframework.beans.factory.annotation.InjectionMetadata.inject(InjectionMetadata.java:145)
	at org.springframework.beans.factory.annotation.AutowiredAnnotationBeanPostProcessor.postProcessProperties(AutowiredAnnotationBeanPostProcessor.java:509)
	... 17 common frames omitted
Caused by: org.springframework.beans.factory.BeanCreationException: Error creating bean with name 'customPermissionEvaluator' defined in class path resource [com/practice/QLTV/configuration/SecurityConfig.class]: Failed to instantiate [com.practice.QLTV.configuration.CustomPermissionEvaluator]: Factory method 'customPermissionEvaluator' threw exception with message: class path resource [roles.properties] cannot be opened because it does not exist
	at org.springframework.beans.factory.support.ConstructorResolver.instantiate(ConstructorResolver.java:648)
	at org.springframework.beans.factory.support.ConstructorResolver.instantiateUsingFactoryMethod(ConstructorResolver.java:636)
	at org.springframework.beans.factory.support.AbstractAutowireCapableBeanFactory.instantiateUsingFactoryMethod(AbstractAutowireCapableBeanFactory.java:1355)
	at org.springframework.beans.factory.support.AbstractAutowireCapableBeanFactory.createBeanInstance(AbstractAutowireCapableBeanFactory.java:1185)
	at org.springframework.beans.factory.support.AbstractAutowireCapableBeanFactory.doCreateBean(AbstractAutowireCapableBeanFactory.java:562)
	at org.springframework.beans.factory.support.AbstractAutowireCapableBeanFactory.createBean(AbstractAutowireCapableBeanFactory.java:522)
	at org.springframework.beans.factory.support.AbstractBeanFactory.lambda$doGetBean$0(AbstractBeanFactory.java:337)
	at org.springframework.beans.factory.support.DefaultSingletonBeanRegistry.getSingleton(DefaultSingletonBeanRegistry.java:234)
	at org.springframework.beans.factory.support.AbstractBeanFactory.doGetBean(AbstractBeanFactory.java:335)
	at org.springframework.beans.factory.support.AbstractBeanFactory.getBean(AbstractBeanFactory.java:225)
	at org.springframework.beans.factory.support.DefaultListableBeanFactory.resolveNamedBean(DefaultListableBeanFactory.java:1323)
	at org.springframework.beans.factory.support.DefaultListableBeanFactory.resolveNamedBean(DefaultListableBeanFactory.java:1284)
	at org.springframework.beans.factory.support.DefaultListableBeanFactory.resolveBean(DefaultListableBeanFactory.java:486)
	at org.springframework.beans.factory.support.DefaultListableBeanFactory.getBean(DefaultListableBeanFactory.java:341)
	at org.springframework.beans.factory.support.DefaultListableBeanFactory.getBean(DefaultListableBeanFactory.java:334)
	at org.springframework.context.support.AbstractApplicationContext.getBean(AbstractApplicationContext.java:1261)
	at org.springframework.security.config.annotation.web.builders.WebSecurity.setApplicationContext(WebSecurity.java:375)
	at org.springframework.context.support.ApplicationContextAwareProcessor.invokeAwareInterfaces(ApplicationContextAwareProcessor.java:110)
	at org.springframework.context.support.ApplicationContextAwareProcessor.postProcessBeforeInitialization(ApplicationContextAwareProcessor.java:85)
	at org.springframework.beans.factory.support.AbstractAutowireCapableBeanFactory.applyBeanPostProcessorsBeforeInitialization(AbstractAutowireCapableBeanFactory.java:422)
	at org.springframework.beans.factory.support.AbstractAutowireCapableBeanFactory.initializeBean(AbstractAutowireCapableBeanFactory.java:1798)
	at org.springframework.beans.factory.support.AbstractAutowireCapableBeanFactory.initializeBean(AbstractAutowireCapableBeanFactory.java:412)
	at org.springframework.security.config.annotation.configuration.AutowireBeanFactoryObjectPostProcessor.initializeBeanIfNeeded(AutowireBeanFactoryObjectPostProcessor.java:98)
	at org.springframework.security.config.annotation.configuration.AutowireBeanFactoryObjectPostProcessor.postProcess(AutowireBeanFactoryObjectPostProcessor.java:67)
	... 23 common frames omitted
Caused by: org.springframework.beans.BeanInstantiationException: Failed to instantiate [com.practice.QLTV.configuration.CustomPermissionEvaluator]: Factory method 'customPermissionEvaluator' threw exception with message: class path resource [roles.properties] cannot be opened because it does not exist
	at org.springframework.beans.factory.support.SimpleInstantiationStrategy.instantiate(SimpleInstantiationStrategy.java:178)
	at org.springframework.beans.factory.support.ConstructorResolver.instantiate(ConstructorResolver.java:644)
	... 46 common frames omitted
Caused by: java.io.FileNotFoundException: class path resource [roles.properties] cannot be opened because it does not exist
	at org.springframework.core.io.ClassPathResource.getInputStream(ClassPathResource.java:215)
	at com.practice.QLTV.configuration.SecurityConfig.customPermissionEvaluator(SecurityConfig.java:97)
	at com.practice.QLTV.configuration.SecurityConfig$$SpringCGLIB$$0.CGLIB$customPermissionEvaluator$3(<generated>)
	at com.practice.QLTV.configuration.SecurityConfig$$SpringCGLIB$$FastClass$$1.invoke(<generated>)
	at org.springframework.cglib.proxy.MethodProxy.invokeSuper(MethodProxy.java:258)
	at org.springframework.context.annotation.ConfigurationClassEnhancer$BeanMethodInterceptor.intercept(ConfigurationClassEnhancer.java:348)
	at com.practice.QLTV.configuration.SecurityConfig$$SpringCGLIB$$0.customPermissionEvaluator(<generated>)
	at java.base/jdk.internal.reflect.DirectMethodHandleAccessor.invoke(DirectMethodHandleAccessor.java:103)
	at java.base/java.lang.reflect.Method.invoke(Method.java:580)
	at org.springframework.beans.factory.support.SimpleInstantiationStrategy.instantiate(SimpleInstantiationStrategy.java:146)
	... 47 common frames omitted
2025-03-06 09:38:11.946 [main] INFO  com.practice.QLTV.QltvApplication - Starting QltvApplication using Java 21.0.5 with PID 9524 (D:\Work\Task\QLTV\target\classes started by ACER in D:\Work\Task\QLTV)
2025-03-06 09:38:11.948 [main] DEBUG com.practice.QLTV.QltvApplication - Running with Spring Boot v3.3.4, Spring v6.1.13
2025-03-06 09:38:11.949 [main] INFO  com.practice.QLTV.QltvApplication - No active profile set, falling back to 1 default profile: "default"
2025-03-06 09:38:13.340 [main] INFO  o.s.d.r.c.RepositoryConfigurationDelegate - Bootstrapping Spring Data JPA repositories in DEFAULT mode.
2025-03-06 09:38:13.470 [main] INFO  o.s.d.r.c.RepositoryConfigurationDelegate - Finished Spring Data repository scanning in 120 ms. Found 9 JPA repository interfaces.
2025-03-06 09:38:14.631 [main] INFO  o.s.b.w.e.tomcat.TomcatWebServer - Tomcat initialized with port 6060 (http)
2025-03-06 09:38:14.675 [main] INFO  o.a.coyote.http11.Http11NioProtocol - Initializing ProtocolHandler ["http-nio-6060"]
2025-03-06 09:38:14.687 [main] INFO  o.a.catalina.core.StandardService - Starting service [Tomcat]
2025-03-06 09:38:14.688 [main] INFO  o.a.catalina.core.StandardEngine - Starting Servlet engine: [Apache Tomcat/10.1.30]
2025-03-06 09:38:14.922 [main] INFO  o.a.c.c.C.[.[localhost].[/QLTV] - Initializing Spring embedded WebApplicationContext
2025-03-06 09:38:14.923 [main] INFO  o.s.b.w.s.c.ServletWebServerApplicationContext - Root WebApplicationContext: initialization completed in 2907 ms
2025-03-06 09:38:15.560 [main] INFO  o.h.jpa.internal.util.LogHelper - HHH000204: Processing PersistenceUnitInfo [name: default]
2025-03-06 09:38:15.730 [main] INFO  org.hibernate.Version - HHH000412: Hibernate ORM core version 6.5.3.Final
2025-03-06 09:38:15.773 [main] INFO  o.h.c.i.RegionFactoryInitiator - HHH000026: Second-level cache disabled
2025-03-06 09:38:16.357 [main] INFO  o.s.o.j.p.SpringPersistenceUnitInfo - No LoadTimeWeaver setup: ignoring JPA class transformer
2025-03-06 09:38:16.407 [main] INFO  com.zaxxer.hikari.HikariDataSource - HikariPool-1 - Starting...
2025-03-06 09:38:16.899 [main] INFO  com.zaxxer.hikari.pool.HikariPool - HikariPool-1 - Added connection com.mysql.cj.jdbc.ConnectionImpl@5abc5854
2025-03-06 09:38:16.903 [main] INFO  com.zaxxer.hikari.HikariDataSource - HikariPool-1 - Start completed.
2025-03-06 09:38:16.964 [main] WARN  org.hibernate.orm.deprecation - HHH90000025: MySQL8Dialect does not need to be specified explicitly using 'hibernate.dialect' (remove the property setting and it will be selected by default)
2025-03-06 09:38:16.965 [main] WARN  org.hibernate.orm.deprecation - HHH90000026: MySQL8Dialect has been deprecated; use org.hibernate.dialect.MySQLDialect instead
2025-03-06 09:38:18.443 [main] INFO  o.h.e.t.j.p.i.JtaPlatformInitiator - HHH000489: No JTA platform available (set 'hibernate.transaction.jta.platform' to enable JTA platform integration)
2025-03-06 09:38:18.524 [main] INFO  o.s.o.j.LocalContainerEntityManagerFactoryBean - Initialized JPA EntityManagerFactory for persistence unit 'default'
2025-03-06 09:38:18.853 [main] INFO  o.s.d.j.r.query.QueryEnhancerFactory - Hibernate is in classpath; If applicable, HQL parser will be used.
2025-03-06 09:38:21.067 [main] WARN  o.s.b.a.o.j.JpaBaseConfiguration$JpaWebConfiguration - spring.jpa.open-in-view is enabled by default. Therefore, database queries may be performed during view rendering. Explicitly configure spring.jpa.open-in-view to disable this warning
2025-03-06 09:38:21.235 [main] WARN  o.s.b.w.s.c.AnnotationConfigServletWebServerApplicationContext - Exception encountered during context initialization - cancelling refresh attempt: org.springframework.beans.factory.BeanCreationException: Error creating bean with name 'org.springframework.security.config.annotation.web.configuration.WebSecurityConfiguration': Injection of autowired dependencies failed
2025-03-06 09:38:21.237 [main] INFO  o.s.o.j.LocalContainerEntityManagerFactoryBean - Closing JPA EntityManagerFactory for persistence unit 'default'
2025-03-06 09:38:21.242 [main] INFO  com.zaxxer.hikari.HikariDataSource - HikariPool-1 - Shutdown initiated...
2025-03-06 09:38:21.262 [main] INFO  com.zaxxer.hikari.HikariDataSource - HikariPool-1 - Shutdown completed.
2025-03-06 09:38:21.264 [main] INFO  o.a.catalina.core.StandardService - Stopping service [Tomcat]
2025-03-06 09:38:21.283 [main] INFO  o.s.b.a.l.ConditionEvaluationReportLogger - 

Error starting ApplicationContext. To display the condition evaluation report re-run your application with 'debug' enabled.
2025-03-06 09:38:21.305 [main] ERROR o.s.boot.SpringApplication - Application run failed
org.springframework.beans.factory.BeanCreationException: Error creating bean with name 'org.springframework.security.config.annotation.web.configuration.WebSecurityConfiguration': Injection of autowired dependencies failed
	at org.springframework.beans.factory.annotation.AutowiredAnnotationBeanPostProcessor.postProcessProperties(AutowiredAnnotationBeanPostProcessor.java:515)
	at org.springframework.beans.factory.support.AbstractAutowireCapableBeanFactory.populateBean(AbstractAutowireCapableBeanFactory.java:1439)
	at org.springframework.beans.factory.support.AbstractAutowireCapableBeanFactory.doCreateBean(AbstractAutowireCapableBeanFactory.java:599)
	at org.springframework.beans.factory.support.AbstractAutowireCapableBeanFactory.createBean(AbstractAutowireCapableBeanFactory.java:522)
	at org.springframework.beans.factory.support.AbstractBeanFactory.lambda$doGetBean$0(AbstractBeanFactory.java:337)
	at org.springframework.beans.factory.support.DefaultSingletonBeanRegistry.getSingleton(DefaultSingletonBeanRegistry.java:234)
	at org.springframework.beans.factory.support.AbstractBeanFactory.doGetBean(AbstractBeanFactory.java:335)
	at org.springframework.beans.factory.support.AbstractBeanFactory.getBean(AbstractBeanFactory.java:200)
	at org.springframework.beans.factory.support.DefaultListableBeanFactory.preInstantiateSingletons(DefaultListableBeanFactory.java:975)
	at org.springframework.context.support.AbstractApplicationContext.finishBeanFactoryInitialization(AbstractApplicationContext.java:971)
	at org.springframework.context.support.AbstractApplicationContext.refresh(AbstractApplicationContext.java:625)
	at org.springframework.boot.web.servlet.context.ServletWebServerApplicationContext.refresh(ServletWebServerApplicationContext.java:146)
	at org.springframework.boot.SpringApplication.refresh(SpringApplication.java:754)
	at org.springframework.boot.SpringApplication.refreshContext(SpringApplication.java:456)
	at org.springframework.boot.SpringApplication.run(SpringApplication.java:335)
	at org.springframework.boot.SpringApplication.run(SpringApplication.java:1363)
	at org.springframework.boot.SpringApplication.run(SpringApplication.java:1352)
	at com.practice.QLTV.QltvApplication.main(QltvApplication.java:10)
Caused by: java.lang.RuntimeException: Could not postProcess org.springframework.security.config.annotation.web.builders.WebSecurity@4bdb5933 of type class org.springframework.security.config.annotation.web.builders.WebSecurity
	at org.springframework.security.config.annotation.configuration.AutowireBeanFactoryObjectPostProcessor.postProcess(AutowireBeanFactoryObjectPostProcessor.java:71)
	at org.springframework.security.config.annotation.web.configuration.WebSecurityConfiguration.setFilterChainProxySecurityConfigurer(WebSecurityConfiguration.java:148)
	at java.base/jdk.internal.reflect.DirectMethodHandleAccessor.invoke(DirectMethodHandleAccessor.java:103)
	at java.base/java.lang.reflect.Method.invoke(Method.java:580)
	at org.springframework.beans.factory.annotation.AutowiredAnnotationBeanPostProcessor$AutowiredMethodElement.inject(AutowiredAnnotationBeanPostProcessor.java:854)
	at org.springframework.beans.factory.annotation.InjectionMetadata.inject(InjectionMetadata.java:145)
	at org.springframework.beans.factory.annotation.AutowiredAnnotationBeanPostProcessor.postProcessProperties(AutowiredAnnotationBeanPostProcessor.java:509)
	... 17 common frames omitted
Caused by: org.springframework.beans.factory.BeanCreationException: Error creating bean with name 'customPermissionEvaluator' defined in class path resource [com/practice/QLTV/configuration/SecurityConfig.class]: Failed to instantiate [com.practice.QLTV.configuration.CustomPermissionEvaluator]: Factory method 'customPermissionEvaluator' threw exception with message: class path resource [classpath:roles.properties] cannot be opened because it does not exist
	at org.springframework.beans.factory.support.ConstructorResolver.instantiate(ConstructorResolver.java:648)
	at org.springframework.beans.factory.support.ConstructorResolver.instantiateUsingFactoryMethod(ConstructorResolver.java:485)
	at org.springframework.beans.factory.support.AbstractAutowireCapableBeanFactory.instantiateUsingFactoryMethod(AbstractAutowireCapableBeanFactory.java:1355)
	at org.springframework.beans.factory.support.AbstractAutowireCapableBeanFactory.createBeanInstance(AbstractAutowireCapableBeanFactory.java:1185)
	at org.springframework.beans.factory.support.AbstractAutowireCapableBeanFactory.doCreateBean(AbstractAutowireCapableBeanFactory.java:562)
	at org.springframework.beans.factory.support.AbstractAutowireCapableBeanFactory.createBean(AbstractAutowireCapableBeanFactory.java:522)
	at org.springframework.beans.factory.support.AbstractBeanFactory.lambda$doGetBean$0(AbstractBeanFactory.java:337)
	at org.springframework.beans.factory.support.DefaultSingletonBeanRegistry.getSingleton(DefaultSingletonBeanRegistry.java:234)
	at org.springframework.beans.factory.support.AbstractBeanFactory.doGetBean(AbstractBeanFactory.java:335)
	at org.springframework.beans.factory.support.AbstractBeanFactory.getBean(AbstractBeanFactory.java:225)
	at org.springframework.beans.factory.support.DefaultListableBeanFactory.resolveNamedBean(DefaultListableBeanFactory.java:1323)
	at org.springframework.beans.factory.support.DefaultListableBeanFactory.resolveNamedBean(DefaultListableBeanFactory.java:1284)
	at org.springframework.beans.factory.support.DefaultListableBeanFactory.resolveBean(DefaultListableBeanFactory.java:486)
	at org.springframework.beans.factory.support.DefaultListableBeanFactory.getBean(DefaultListableBeanFactory.java:341)
	at org.springframework.beans.factory.support.DefaultListableBeanFactory.getBean(DefaultListableBeanFactory.java:334)
	at org.springframework.context.support.AbstractApplicationContext.getBean(AbstractApplicationContext.java:1261)
	at org.springframework.security.config.annotation.web.builders.WebSecurity.setApplicationContext(WebSecurity.java:375)
	at org.springframework.context.support.ApplicationContextAwareProcessor.invokeAwareInterfaces(ApplicationContextAwareProcessor.java:110)
	at org.springframework.context.support.ApplicationContextAwareProcessor.postProcessBeforeInitialization(ApplicationContextAwareProcessor.java:85)
	at org.springframework.beans.factory.support.AbstractAutowireCapableBeanFactory.applyBeanPostProcessorsBeforeInitialization(AbstractAutowireCapableBeanFactory.java:422)
	at org.springframework.beans.factory.support.AbstractAutowireCapableBeanFactory.initializeBean(AbstractAutowireCapableBeanFactory.java:1798)
	at org.springframework.beans.factory.support.AbstractAutowireCapableBeanFactory.initializeBean(AbstractAutowireCapableBeanFactory.java:412)
	at org.springframework.security.config.annotation.configuration.AutowireBeanFactoryObjectPostProcessor.initializeBeanIfNeeded(AutowireBeanFactoryObjectPostProcessor.java:98)
	at org.springframework.security.config.annotation.configuration.AutowireBeanFactoryObjectPostProcessor.postProcess(AutowireBeanFactoryObjectPostProcessor.java:67)
	... 23 common frames omitted
Caused by: org.springframework.beans.BeanInstantiationException: Failed to instantiate [com.practice.QLTV.configuration.CustomPermissionEvaluator]: Factory method 'customPermissionEvaluator' threw exception with message: class path resource [classpath:roles.properties] cannot be opened because it does not exist
	at org.springframework.beans.factory.support.SimpleInstantiationStrategy.instantiate(SimpleInstantiationStrategy.java:178)
	at org.springframework.beans.factory.support.ConstructorResolver.instantiate(ConstructorResolver.java:644)
	... 46 common frames omitted
Caused by: java.io.FileNotFoundException: class path resource [classpath:roles.properties] cannot be opened because it does not exist
	at org.springframework.core.io.ClassPathResource.getInputStream(ClassPathResource.java:215)
	at com.practice.QLTV.configuration.SecurityConfig.customPermissionEvaluator(SecurityConfig.java:98)
	at com.practice.QLTV.configuration.SecurityConfig$$SpringCGLIB$$0.CGLIB$customPermissionEvaluator$2(<generated>)
	at com.practice.QLTV.configuration.SecurityConfig$$SpringCGLIB$$FastClass$$1.invoke(<generated>)
	at org.springframework.cglib.proxy.MethodProxy.invokeSuper(MethodProxy.java:258)
	at org.springframework.context.annotation.ConfigurationClassEnhancer$BeanMethodInterceptor.intercept(ConfigurationClassEnhancer.java:348)
	at com.practice.QLTV.configuration.SecurityConfig$$SpringCGLIB$$0.customPermissionEvaluator(<generated>)
	at java.base/jdk.internal.reflect.DirectMethodHandleAccessor.invoke(DirectMethodHandleAccessor.java:103)
	at java.base/java.lang.reflect.Method.invoke(Method.java:580)
	at org.springframework.beans.factory.support.SimpleInstantiationStrategy.instantiate(SimpleInstantiationStrategy.java:146)
	... 47 common frames omitted
2025-03-06 09:38:50.047 [main] INFO  com.practice.QLTV.QltvApplication - Starting QltvApplication using Java 21.0.5 with PID 2472 (D:\Work\Task\QLTV\target\classes started by ACER in D:\Work\Task\QLTV)
2025-03-06 09:38:50.049 [main] DEBUG com.practice.QLTV.QltvApplication - Running with Spring Boot v3.3.4, Spring v6.1.13
2025-03-06 09:38:50.050 [main] INFO  com.practice.QLTV.QltvApplication - No active profile set, falling back to 1 default profile: "default"
2025-03-06 09:38:51.559 [main] INFO  o.s.d.r.c.RepositoryConfigurationDelegate - Bootstrapping Spring Data JPA repositories in DEFAULT mode.
2025-03-06 09:38:51.697 [main] INFO  o.s.d.r.c.RepositoryConfigurationDelegate - Finished Spring Data repository scanning in 127 ms. Found 9 JPA repository interfaces.
2025-03-06 09:38:53.218 [main] INFO  o.s.b.w.e.tomcat.TomcatWebServer - Tomcat initialized with port 6060 (http)
2025-03-06 09:38:53.255 [main] INFO  o.a.coyote.http11.Http11NioProtocol - Initializing ProtocolHandler ["http-nio-6060"]
2025-03-06 09:38:53.263 [main] INFO  o.a.catalina.core.StandardService - Starting service [Tomcat]
2025-03-06 09:38:53.265 [main] INFO  o.a.catalina.core.StandardEngine - Starting Servlet engine: [Apache Tomcat/10.1.30]
2025-03-06 09:38:53.434 [main] INFO  o.a.c.c.C.[.[localhost].[/QLTV] - Initializing Spring embedded WebApplicationContext
2025-03-06 09:38:53.436 [main] INFO  o.s.b.w.s.c.ServletWebServerApplicationContext - Root WebApplicationContext: initialization completed in 3315 ms
2025-03-06 09:38:54.041 [main] INFO  o.h.jpa.internal.util.LogHelper - HHH000204: Processing PersistenceUnitInfo [name: default]
2025-03-06 09:38:54.170 [main] INFO  org.hibernate.Version - HHH000412: Hibernate ORM core version 6.5.3.Final
2025-03-06 09:38:54.213 [main] INFO  o.h.c.i.RegionFactoryInitiator - HHH000026: Second-level cache disabled
2025-03-06 09:38:54.794 [main] INFO  o.s.o.j.p.SpringPersistenceUnitInfo - No LoadTimeWeaver setup: ignoring JPA class transformer
2025-03-06 09:38:54.866 [main] INFO  com.zaxxer.hikari.HikariDataSource - HikariPool-1 - Starting...
2025-03-06 09:38:55.380 [main] INFO  com.zaxxer.hikari.pool.HikariPool - HikariPool-1 - Added connection com.mysql.cj.jdbc.ConnectionImpl@5abc5854
2025-03-06 09:38:55.385 [main] INFO  com.zaxxer.hikari.HikariDataSource - HikariPool-1 - Start completed.
2025-03-06 09:38:55.447 [main] WARN  org.hibernate.orm.deprecation - HHH90000025: MySQL8Dialect does not need to be specified explicitly using 'hibernate.dialect' (remove the property setting and it will be selected by default)
2025-03-06 09:38:55.449 [main] WARN  org.hibernate.orm.deprecation - HHH90000026: MySQL8Dialect has been deprecated; use org.hibernate.dialect.MySQLDialect instead
2025-03-06 09:38:56.928 [main] INFO  o.h.e.t.j.p.i.JtaPlatformInitiator - HHH000489: No JTA platform available (set 'hibernate.transaction.jta.platform' to enable JTA platform integration)
2025-03-06 09:38:57.004 [main] INFO  o.s.o.j.LocalContainerEntityManagerFactoryBean - Initialized JPA EntityManagerFactory for persistence unit 'default'
2025-03-06 09:38:57.408 [main] INFO  o.s.d.j.r.query.QueryEnhancerFactory - Hibernate is in classpath; If applicable, HQL parser will be used.
2025-03-06 09:38:59.372 [main] WARN  o.s.b.a.o.j.JpaBaseConfiguration$JpaWebConfiguration - spring.jpa.open-in-view is enabled by default. Therefore, database queries may be performed during view rendering. Explicitly configure spring.jpa.open-in-view to disable this warning
2025-03-06 09:38:59.536 [main] WARN  o.s.b.w.s.c.AnnotationConfigServletWebServerApplicationContext - Exception encountered during context initialization - cancelling refresh attempt: org.springframework.beans.factory.BeanCreationException: Error creating bean with name 'org.springframework.security.config.annotation.web.configuration.WebSecurityConfiguration': Injection of autowired dependencies failed
2025-03-06 09:38:59.538 [main] INFO  o.s.o.j.LocalContainerEntityManagerFactoryBean - Closing JPA EntityManagerFactory for persistence unit 'default'
2025-03-06 09:38:59.539 [main] INFO  com.zaxxer.hikari.HikariDataSource - HikariPool-1 - Shutdown initiated...
2025-03-06 09:38:59.556 [main] INFO  com.zaxxer.hikari.HikariDataSource - HikariPool-1 - Shutdown completed.
2025-03-06 09:38:59.559 [main] INFO  o.a.catalina.core.StandardService - Stopping service [Tomcat]
2025-03-06 09:38:59.576 [main] INFO  o.s.b.a.l.ConditionEvaluationReportLogger - 

Error starting ApplicationContext. To display the condition evaluation report re-run your application with 'debug' enabled.
2025-03-06 09:38:59.596 [main] ERROR o.s.boot.SpringApplication - Application run failed
org.springframework.beans.factory.BeanCreationException: Error creating bean with name 'org.springframework.security.config.annotation.web.configuration.WebSecurityConfiguration': Injection of autowired dependencies failed
	at org.springframework.beans.factory.annotation.AutowiredAnnotationBeanPostProcessor.postProcessProperties(AutowiredAnnotationBeanPostProcessor.java:515)
	at org.springframework.beans.factory.support.AbstractAutowireCapableBeanFactory.populateBean(AbstractAutowireCapableBeanFactory.java:1439)
	at org.springframework.beans.factory.support.AbstractAutowireCapableBeanFactory.doCreateBean(AbstractAutowireCapableBeanFactory.java:599)
	at org.springframework.beans.factory.support.AbstractAutowireCapableBeanFactory.createBean(AbstractAutowireCapableBeanFactory.java:522)
	at org.springframework.beans.factory.support.AbstractBeanFactory.lambda$doGetBean$0(AbstractBeanFactory.java:337)
	at org.springframework.beans.factory.support.DefaultSingletonBeanRegistry.getSingleton(DefaultSingletonBeanRegistry.java:234)
	at org.springframework.beans.factory.support.AbstractBeanFactory.doGetBean(AbstractBeanFactory.java:335)
	at org.springframework.beans.factory.support.AbstractBeanFactory.getBean(AbstractBeanFactory.java:200)
	at org.springframework.beans.factory.support.DefaultListableBeanFactory.preInstantiateSingletons(DefaultListableBeanFactory.java:975)
	at org.springframework.context.support.AbstractApplicationContext.finishBeanFactoryInitialization(AbstractApplicationContext.java:971)
	at org.springframework.context.support.AbstractApplicationContext.refresh(AbstractApplicationContext.java:625)
	at org.springframework.boot.web.servlet.context.ServletWebServerApplicationContext.refresh(ServletWebServerApplicationContext.java:146)
	at org.springframework.boot.SpringApplication.refresh(SpringApplication.java:754)
	at org.springframework.boot.SpringApplication.refreshContext(SpringApplication.java:456)
	at org.springframework.boot.SpringApplication.run(SpringApplication.java:335)
	at org.springframework.boot.SpringApplication.run(SpringApplication.java:1363)
	at org.springframework.boot.SpringApplication.run(SpringApplication.java:1352)
	at com.practice.QLTV.QltvApplication.main(QltvApplication.java:10)
Caused by: java.lang.RuntimeException: Could not postProcess org.springframework.security.config.annotation.web.builders.WebSecurity@75931d62 of type class org.springframework.security.config.annotation.web.builders.WebSecurity
	at org.springframework.security.config.annotation.configuration.AutowireBeanFactoryObjectPostProcessor.postProcess(AutowireBeanFactoryObjectPostProcessor.java:71)
	at org.springframework.security.config.annotation.web.configuration.WebSecurityConfiguration.setFilterChainProxySecurityConfigurer(WebSecurityConfiguration.java:148)
	at java.base/jdk.internal.reflect.DirectMethodHandleAccessor.invoke(DirectMethodHandleAccessor.java:103)
	at java.base/java.lang.reflect.Method.invoke(Method.java:580)
	at org.springframework.beans.factory.annotation.AutowiredAnnotationBeanPostProcessor$AutowiredMethodElement.inject(AutowiredAnnotationBeanPostProcessor.java:854)
	at org.springframework.beans.factory.annotation.InjectionMetadata.inject(InjectionMetadata.java:145)
	at org.springframework.beans.factory.annotation.AutowiredAnnotationBeanPostProcessor.postProcessProperties(AutowiredAnnotationBeanPostProcessor.java:509)
	... 17 common frames omitted
Caused by: org.springframework.beans.factory.BeanCreationException: Error creating bean with name 'customPermissionEvaluator' defined in class path resource [com/practice/QLTV/configuration/SecurityConfig.class]: Failed to instantiate [com.practice.QLTV.configuration.CustomPermissionEvaluator]: Factory method 'customPermissionEvaluator' threw exception with message: class path resource [classpath:role.properties] cannot be opened because it does not exist
	at org.springframework.beans.factory.support.ConstructorResolver.instantiate(ConstructorResolver.java:648)
	at org.springframework.beans.factory.support.ConstructorResolver.instantiateUsingFactoryMethod(ConstructorResolver.java:485)
	at org.springframework.beans.factory.support.AbstractAutowireCapableBeanFactory.instantiateUsingFactoryMethod(AbstractAutowireCapableBeanFactory.java:1355)
	at org.springframework.beans.factory.support.AbstractAutowireCapableBeanFactory.createBeanInstance(AbstractAutowireCapableBeanFactory.java:1185)
	at org.springframework.beans.factory.support.AbstractAutowireCapableBeanFactory.doCreateBean(AbstractAutowireCapableBeanFactory.java:562)
	at org.springframework.beans.factory.support.AbstractAutowireCapableBeanFactory.createBean(AbstractAutowireCapableBeanFactory.java:522)
	at org.springframework.beans.factory.support.AbstractBeanFactory.lambda$doGetBean$0(AbstractBeanFactory.java:337)
	at org.springframework.beans.factory.support.DefaultSingletonBeanRegistry.getSingleton(DefaultSingletonBeanRegistry.java:234)
	at org.springframework.beans.factory.support.AbstractBeanFactory.doGetBean(AbstractBeanFactory.java:335)
	at org.springframework.beans.factory.support.AbstractBeanFactory.getBean(AbstractBeanFactory.java:225)
	at org.springframework.beans.factory.support.DefaultListableBeanFactory.resolveNamedBean(DefaultListableBeanFactory.java:1323)
	at org.springframework.beans.factory.support.DefaultListableBeanFactory.resolveNamedBean(DefaultListableBeanFactory.java:1284)
	at org.springframework.beans.factory.support.DefaultListableBeanFactory.resolveBean(DefaultListableBeanFactory.java:486)
	at org.springframework.beans.factory.support.DefaultListableBeanFactory.getBean(DefaultListableBeanFactory.java:341)
	at org.springframework.beans.factory.support.DefaultListableBeanFactory.getBean(DefaultListableBeanFactory.java:334)
	at org.springframework.context.support.AbstractApplicationContext.getBean(AbstractApplicationContext.java:1261)
	at org.springframework.security.config.annotation.web.builders.WebSecurity.setApplicationContext(WebSecurity.java:375)
	at org.springframework.context.support.ApplicationContextAwareProcessor.invokeAwareInterfaces(ApplicationContextAwareProcessor.java:110)
	at org.springframework.context.support.ApplicationContextAwareProcessor.postProcessBeforeInitialization(ApplicationContextAwareProcessor.java:85)
	at org.springframework.beans.factory.support.AbstractAutowireCapableBeanFactory.applyBeanPostProcessorsBeforeInitialization(AbstractAutowireCapableBeanFactory.java:422)
	at org.springframework.beans.factory.support.AbstractAutowireCapableBeanFactory.initializeBean(AbstractAutowireCapableBeanFactory.java:1798)
	at org.springframework.beans.factory.support.AbstractAutowireCapableBeanFactory.initializeBean(AbstractAutowireCapableBeanFactory.java:412)
	at org.springframework.security.config.annotation.configuration.AutowireBeanFactoryObjectPostProcessor.initializeBeanIfNeeded(AutowireBeanFactoryObjectPostProcessor.java:98)
	at org.springframework.security.config.annotation.configuration.AutowireBeanFactoryObjectPostProcessor.postProcess(AutowireBeanFactoryObjectPostProcessor.java:67)
	... 23 common frames omitted
Caused by: org.springframework.beans.BeanInstantiationException: Failed to instantiate [com.practice.QLTV.configuration.CustomPermissionEvaluator]: Factory method 'customPermissionEvaluator' threw exception with message: class path resource [classpath:role.properties] cannot be opened because it does not exist
	at org.springframework.beans.factory.support.SimpleInstantiationStrategy.instantiate(SimpleInstantiationStrategy.java:178)
	at org.springframework.beans.factory.support.ConstructorResolver.instantiate(ConstructorResolver.java:644)
	... 46 common frames omitted
Caused by: java.io.FileNotFoundException: class path resource [classpath:role.properties] cannot be opened because it does not exist
	at org.springframework.core.io.ClassPathResource.getInputStream(ClassPathResource.java:215)
	at com.practice.QLTV.configuration.SecurityConfig.customPermissionEvaluator(SecurityConfig.java:98)
	at com.practice.QLTV.configuration.SecurityConfig$$SpringCGLIB$$0.CGLIB$customPermissionEvaluator$3(<generated>)
	at com.practice.QLTV.configuration.SecurityConfig$$SpringCGLIB$$FastClass$$1.invoke(<generated>)
	at org.springframework.cglib.proxy.MethodProxy.invokeSuper(MethodProxy.java:258)
	at org.springframework.context.annotation.ConfigurationClassEnhancer$BeanMethodInterceptor.intercept(ConfigurationClassEnhancer.java:348)
	at com.practice.QLTV.configuration.SecurityConfig$$SpringCGLIB$$0.customPermissionEvaluator(<generated>)
	at java.base/jdk.internal.reflect.DirectMethodHandleAccessor.invoke(DirectMethodHandleAccessor.java:103)
	at java.base/java.lang.reflect.Method.invoke(Method.java:580)
	at org.springframework.beans.factory.support.SimpleInstantiationStrategy.instantiate(SimpleInstantiationStrategy.java:146)
	... 47 common frames omitted
2025-03-06 09:39:27.954 [main] INFO  com.practice.QLTV.QltvApplication - Starting QltvApplication using Java 21.0.5 with PID 11360 (D:\Work\Task\QLTV\target\classes started by ACER in D:\Work\Task\QLTV)
2025-03-06 09:39:27.955 [main] DEBUG com.practice.QLTV.QltvApplication - Running with Spring Boot v3.3.4, Spring v6.1.13
2025-03-06 09:39:27.956 [main] INFO  com.practice.QLTV.QltvApplication - No active profile set, falling back to 1 default profile: "default"
2025-03-06 09:39:29.346 [main] INFO  o.s.d.r.c.RepositoryConfigurationDelegate - Bootstrapping Spring Data JPA repositories in DEFAULT mode.
2025-03-06 09:39:29.489 [main] INFO  o.s.d.r.c.RepositoryConfigurationDelegate - Finished Spring Data repository scanning in 132 ms. Found 9 JPA repository interfaces.
2025-03-06 09:39:30.779 [main] INFO  o.s.b.w.e.tomcat.TomcatWebServer - Tomcat initialized with port 6060 (http)
2025-03-06 09:39:30.825 [main] INFO  o.a.coyote.http11.Http11NioProtocol - Initializing ProtocolHandler ["http-nio-6060"]
2025-03-06 09:39:30.838 [main] INFO  o.a.catalina.core.StandardService - Starting service [Tomcat]
2025-03-06 09:39:30.839 [main] INFO  o.a.catalina.core.StandardEngine - Starting Servlet engine: [Apache Tomcat/10.1.30]
2025-03-06 09:39:31.000 [main] INFO  o.a.c.c.C.[.[localhost].[/QLTV] - Initializing Spring embedded WebApplicationContext
2025-03-06 09:39:31.002 [main] INFO  o.s.b.w.s.c.ServletWebServerApplicationContext - Root WebApplicationContext: initialization completed in 2976 ms
2025-03-06 09:39:31.606 [main] INFO  o.h.jpa.internal.util.LogHelper - HHH000204: Processing PersistenceUnitInfo [name: default]
2025-03-06 09:39:31.712 [main] INFO  org.hibernate.Version - HHH000412: Hibernate ORM core version 6.5.3.Final
2025-03-06 09:39:31.753 [main] INFO  o.h.c.i.RegionFactoryInitiator - HHH000026: Second-level cache disabled
2025-03-06 09:39:32.300 [main] INFO  o.s.o.j.p.SpringPersistenceUnitInfo - No LoadTimeWeaver setup: ignoring JPA class transformer
2025-03-06 09:39:32.358 [main] INFO  com.zaxxer.hikari.HikariDataSource - HikariPool-1 - Starting...
2025-03-06 09:39:32.827 [main] INFO  com.zaxxer.hikari.pool.HikariPool - HikariPool-1 - Added connection com.mysql.cj.jdbc.ConnectionImpl@7b795db7
2025-03-06 09:39:32.832 [main] INFO  com.zaxxer.hikari.HikariDataSource - HikariPool-1 - Start completed.
2025-03-06 09:39:32.895 [main] WARN  org.hibernate.orm.deprecation - HHH90000025: MySQL8Dialect does not need to be specified explicitly using 'hibernate.dialect' (remove the property setting and it will be selected by default)
2025-03-06 09:39:32.896 [main] WARN  org.hibernate.orm.deprecation - HHH90000026: MySQL8Dialect has been deprecated; use org.hibernate.dialect.MySQLDialect instead
2025-03-06 09:39:34.357 [main] INFO  o.h.e.t.j.p.i.JtaPlatformInitiator - HHH000489: No JTA platform available (set 'hibernate.transaction.jta.platform' to enable JTA platform integration)
2025-03-06 09:39:34.434 [main] INFO  o.s.o.j.LocalContainerEntityManagerFactoryBean - Initialized JPA EntityManagerFactory for persistence unit 'default'
2025-03-06 09:39:34.777 [main] INFO  o.s.d.j.r.query.QueryEnhancerFactory - Hibernate is in classpath; If applicable, HQL parser will be used.
2025-03-06 09:39:36.906 [main] WARN  o.s.b.a.o.j.JpaBaseConfiguration$JpaWebConfiguration - spring.jpa.open-in-view is enabled by default. Therefore, database queries may be performed during view rendering. Explicitly configure spring.jpa.open-in-view to disable this warning
2025-03-06 09:39:38.278 [main] INFO  o.a.coyote.http11.Http11NioProtocol - Starting ProtocolHandler ["http-nio-6060"]
2025-03-06 09:39:38.326 [main] INFO  o.s.b.w.e.tomcat.TomcatWebServer - Tomcat started on port 6060 (http) with context path '/QLTV'
2025-03-06 09:39:38.340 [main] INFO  com.practice.QLTV.QltvApplication - Started QltvApplication in 10.982 seconds (process running for 11.867)
2025-03-06 09:40:05.308 [http-nio-6060-exec-1] INFO  o.a.c.c.C.[.[localhost].[/QLTV] - Initializing Spring DispatcherServlet 'dispatcherServlet'
2025-03-06 09:40:05.308 [http-nio-6060-exec-1] INFO  o.s.web.servlet.DispatcherServlet - Initializing Servlet 'dispatcherServlet'
2025-03-06 09:40:05.310 [http-nio-6060-exec-1] INFO  o.s.web.servlet.DispatcherServlet - Completed initialization in 2 ms
2025-03-06 09:40:53.113 [http-nio-6060-exec-3] ERROR o.a.c.c.C.[.[.[.[dispatcherServlet] - Servlet.service() for servlet [dispatcherServlet] in context with path [/QLTV] threw exception
org.springframework.security.authentication.AuthenticationServiceException: Token is invalid
	at org.springframework.security.oauth2.server.resource.authentication.JwtAuthenticationProvider.getJwt(JwtAuthenticationProvider.java:106)
	at org.springframework.security.oauth2.server.resource.authentication.JwtAuthenticationProvider.authenticate(JwtAuthenticationProvider.java:88)
	at org.springframework.security.authentication.ProviderManager.authenticate(ProviderManager.java:182)
	at org.springframework.security.oauth2.server.resource.web.authentication.BearerTokenAuthenticationFilter.doFilterInternal(BearerTokenAuthenticationFilter.java:137)
	at org.springframework.web.filter.OncePerRequestFilter.doFilter(OncePerRequestFilter.java:116)
	at org.springframework.security.web.FilterChainProxy$VirtualFilterChain.doFilter(FilterChainProxy.java:374)
	at org.springframework.security.web.authentication.logout.LogoutFilter.doFilter(LogoutFilter.java:107)
	at org.springframework.security.web.authentication.logout.LogoutFilter.doFilter(LogoutFilter.java:93)
	at org.springframework.security.web.FilterChainProxy$VirtualFilterChain.doFilter(FilterChainProxy.java:374)
	at org.springframework.security.web.header.HeaderWriterFilter.doHeadersAfter(HeaderWriterFilter.java:90)
	at org.springframework.security.web.header.HeaderWriterFilter.doFilterInternal(HeaderWriterFilter.java:75)
	at org.springframework.web.filter.OncePerRequestFilter.doFilter(OncePerRequestFilter.java:116)
	at org.springframework.security.web.FilterChainProxy$VirtualFilterChain.doFilter(FilterChainProxy.java:374)
	at org.springframework.security.web.context.SecurityContextHolderFilter.doFilter(SecurityContextHolderFilter.java:82)
	at org.springframework.security.web.context.SecurityContextHolderFilter.doFilter(SecurityContextHolderFilter.java:69)
	at org.springframework.security.web.FilterChainProxy$VirtualFilterChain.doFilter(FilterChainProxy.java:374)
	at org.springframework.security.web.context.request.async.WebAsyncManagerIntegrationFilter.doFilterInternal(WebAsyncManagerIntegrationFilter.java:62)
	at org.springframework.web.filter.OncePerRequestFilter.doFilter(OncePerRequestFilter.java:116)
	at org.springframework.security.web.FilterChainProxy$VirtualFilterChain.doFilter(FilterChainProxy.java:374)
	at org.springframework.security.web.session.DisableEncodeUrlFilter.doFilterInternal(DisableEncodeUrlFilter.java:42)
	at org.springframework.web.filter.OncePerRequestFilter.doFilter(OncePerRequestFilter.java:116)
	at org.springframework.security.web.FilterChainProxy$VirtualFilterChain.doFilter(FilterChainProxy.java:374)
	at org.springframework.security.web.FilterChainProxy.doFilterInternal(FilterChainProxy.java:233)
	at org.springframework.security.web.FilterChainProxy.doFilter(FilterChainProxy.java:191)
	at org.springframework.web.filter.CompositeFilter$VirtualFilterChain.doFilter(CompositeFilter.java:113)
	at org.springframework.web.servlet.handler.HandlerMappingIntrospector.lambda$createCacheFilter$3(HandlerMappingIntrospector.java:195)
	at org.springframework.web.filter.CompositeFilter$VirtualFilterChain.doFilter(CompositeFilter.java:113)
	at org.springframework.web.filter.CompositeFilter.doFilter(CompositeFilter.java:74)
	at org.springframework.security.config.annotation.web.configuration.WebMvcSecurityConfiguration$CompositeFilterChainProxy.doFilter(WebMvcSecurityConfiguration.java:230)
	at org.springframework.web.filter.DelegatingFilterProxy.invokeDelegate(DelegatingFilterProxy.java:352)
	at org.springframework.web.filter.DelegatingFilterProxy.doFilter(DelegatingFilterProxy.java:268)
	at org.apache.catalina.core.ApplicationFilterChain.internalDoFilter(ApplicationFilterChain.java:164)
	at org.apache.catalina.core.ApplicationFilterChain.doFilter(ApplicationFilterChain.java:140)
	at org.springframework.web.filter.RequestContextFilter.doFilterInternal(RequestContextFilter.java:100)
	at org.springframework.web.filter.OncePerRequestFilter.doFilter(OncePerRequestFilter.java:116)
	at org.apache.catalina.core.ApplicationFilterChain.internalDoFilter(ApplicationFilterChain.java:164)
	at org.apache.catalina.core.ApplicationFilterChain.doFilter(ApplicationFilterChain.java:140)
	at org.springframework.web.filter.FormContentFilter.doFilterInternal(FormContentFilter.java:93)
	at org.springframework.web.filter.OncePerRequestFilter.doFilter(OncePerRequestFilter.java:116)
	at org.apache.catalina.core.ApplicationFilterChain.internalDoFilter(ApplicationFilterChain.java:164)
	at org.apache.catalina.core.ApplicationFilterChain.doFilter(ApplicationFilterChain.java:140)
	at org.springframework.web.filter.CharacterEncodingFilter.doFilterInternal(CharacterEncodingFilter.java:201)
	at org.springframework.web.filter.OncePerRequestFilter.doFilter(OncePerRequestFilter.java:116)
	at org.apache.catalina.core.ApplicationFilterChain.internalDoFilter(ApplicationFilterChain.java:164)
	at org.apache.catalina.core.ApplicationFilterChain.doFilter(ApplicationFilterChain.java:140)
	at org.apache.catalina.core.StandardWrapperValve.invoke(StandardWrapperValve.java:167)
	at org.apache.catalina.core.StandardContextValve.invoke(StandardContextValve.java:90)
	at org.apache.catalina.authenticator.AuthenticatorBase.invoke(AuthenticatorBase.java:483)
	at org.apache.catalina.core.StandardHostValve.invoke(StandardHostValve.java:115)
	at org.apache.catalina.valves.ErrorReportValve.invoke(ErrorReportValve.java:93)
	at org.apache.catalina.core.StandardEngineValve.invoke(StandardEngineValve.java:74)
	at org.apache.catalina.connector.CoyoteAdapter.service(CoyoteAdapter.java:344)
	at org.apache.coyote.http11.Http11Processor.service(Http11Processor.java:384)
	at org.apache.coyote.AbstractProcessorLight.process(AbstractProcessorLight.java:63)
	at org.apache.coyote.AbstractProtocol$ConnectionHandler.process(AbstractProtocol.java:905)
	at org.apache.tomcat.util.net.NioEndpoint$SocketProcessor.doRun(NioEndpoint.java:1741)
	at org.apache.tomcat.util.net.SocketProcessorBase.run(SocketProcessorBase.java:52)
	at org.apache.tomcat.util.threads.ThreadPoolExecutor.runWorker(ThreadPoolExecutor.java:1190)
	at org.apache.tomcat.util.threads.ThreadPoolExecutor$Worker.run(ThreadPoolExecutor.java:659)
	at org.apache.tomcat.util.threads.TaskThread$WrappingRunnable.run(TaskThread.java:63)
	at java.base/java.lang.Thread.run(Thread.java:1583)
Caused by: org.springframework.security.oauth2.jwt.JwtException: Token is invalid
	at com.practice.QLTV.configuration.CustomJwtDecoder.decode(CustomJwtDecoder.java:40)
	at org.springframework.security.oauth2.server.resource.authentication.JwtAuthenticationProvider.getJwt(JwtAuthenticationProvider.java:99)
	... 60 common frames omitted
2025-03-06 09:43:45.584 [http-nio-6060-exec-2] ERROR o.a.c.c.C.[.[.[.[dispatcherServlet] - Servlet.service() for servlet [dispatcherServlet] in context with path [/QLTV] threw exception
org.springframework.security.authentication.AuthenticationServiceException: Token is invalid
	at org.springframework.security.oauth2.server.resource.authentication.JwtAuthenticationProvider.getJwt(JwtAuthenticationProvider.java:106)
	at org.springframework.security.oauth2.server.resource.authentication.JwtAuthenticationProvider.authenticate(JwtAuthenticationProvider.java:88)
	at org.springframework.security.authentication.ProviderManager.authenticate(ProviderManager.java:182)
	at org.springframework.security.oauth2.server.resource.web.authentication.BearerTokenAuthenticationFilter.doFilterInternal(BearerTokenAuthenticationFilter.java:137)
	at org.springframework.web.filter.OncePerRequestFilter.doFilter(OncePerRequestFilter.java:116)
	at org.springframework.security.web.FilterChainProxy$VirtualFilterChain.doFilter(FilterChainProxy.java:374)
	at org.springframework.security.web.authentication.logout.LogoutFilter.doFilter(LogoutFilter.java:107)
	at org.springframework.security.web.authentication.logout.LogoutFilter.doFilter(LogoutFilter.java:93)
	at org.springframework.security.web.FilterChainProxy$VirtualFilterChain.doFilter(FilterChainProxy.java:374)
	at org.springframework.security.web.header.HeaderWriterFilter.doHeadersAfter(HeaderWriterFilter.java:90)
	at org.springframework.security.web.header.HeaderWriterFilter.doFilterInternal(HeaderWriterFilter.java:75)
	at org.springframework.web.filter.OncePerRequestFilter.doFilter(OncePerRequestFilter.java:116)
	at org.springframework.security.web.FilterChainProxy$VirtualFilterChain.doFilter(FilterChainProxy.java:374)
	at org.springframework.security.web.context.SecurityContextHolderFilter.doFilter(SecurityContextHolderFilter.java:82)
	at org.springframework.security.web.context.SecurityContextHolderFilter.doFilter(SecurityContextHolderFilter.java:69)
	at org.springframework.security.web.FilterChainProxy$VirtualFilterChain.doFilter(FilterChainProxy.java:374)
	at org.springframework.security.web.context.request.async.WebAsyncManagerIntegrationFilter.doFilterInternal(WebAsyncManagerIntegrationFilter.java:62)
	at org.springframework.web.filter.OncePerRequestFilter.doFilter(OncePerRequestFilter.java:116)
	at org.springframework.security.web.FilterChainProxy$VirtualFilterChain.doFilter(FilterChainProxy.java:374)
	at org.springframework.security.web.session.DisableEncodeUrlFilter.doFilterInternal(DisableEncodeUrlFilter.java:42)
	at org.springframework.web.filter.OncePerRequestFilter.doFilter(OncePerRequestFilter.java:116)
	at org.springframework.security.web.FilterChainProxy$VirtualFilterChain.doFilter(FilterChainProxy.java:374)
	at org.springframework.security.web.FilterChainProxy.doFilterInternal(FilterChainProxy.java:233)
	at org.springframework.security.web.FilterChainProxy.doFilter(FilterChainProxy.java:191)
	at org.springframework.web.filter.CompositeFilter$VirtualFilterChain.doFilter(CompositeFilter.java:113)
	at org.springframework.web.servlet.handler.HandlerMappingIntrospector.lambda$createCacheFilter$3(HandlerMappingIntrospector.java:195)
	at org.springframework.web.filter.CompositeFilter$VirtualFilterChain.doFilter(CompositeFilter.java:113)
	at org.springframework.web.filter.CompositeFilter.doFilter(CompositeFilter.java:74)
	at org.springframework.security.config.annotation.web.configuration.WebMvcSecurityConfiguration$CompositeFilterChainProxy.doFilter(WebMvcSecurityConfiguration.java:230)
	at org.springframework.web.filter.DelegatingFilterProxy.invokeDelegate(DelegatingFilterProxy.java:352)
	at org.springframework.web.filter.DelegatingFilterProxy.doFilter(DelegatingFilterProxy.java:268)
	at org.apache.catalina.core.ApplicationFilterChain.internalDoFilter(ApplicationFilterChain.java:164)
	at org.apache.catalina.core.ApplicationFilterChain.doFilter(ApplicationFilterChain.java:140)
	at org.springframework.web.filter.RequestContextFilter.doFilterInternal(RequestContextFilter.java:100)
	at org.springframework.web.filter.OncePerRequestFilter.doFilter(OncePerRequestFilter.java:116)
	at org.apache.catalina.core.ApplicationFilterChain.internalDoFilter(ApplicationFilterChain.java:164)
	at org.apache.catalina.core.ApplicationFilterChain.doFilter(ApplicationFilterChain.java:140)
	at org.springframework.web.filter.FormContentFilter.doFilterInternal(FormContentFilter.java:93)
	at org.springframework.web.filter.OncePerRequestFilter.doFilter(OncePerRequestFilter.java:116)
	at org.apache.catalina.core.ApplicationFilterChain.internalDoFilter(ApplicationFilterChain.java:164)
	at org.apache.catalina.core.ApplicationFilterChain.doFilter(ApplicationFilterChain.java:140)
	at org.springframework.web.filter.CharacterEncodingFilter.doFilterInternal(CharacterEncodingFilter.java:201)
	at org.springframework.web.filter.OncePerRequestFilter.doFilter(OncePerRequestFilter.java:116)
	at org.apache.catalina.core.ApplicationFilterChain.internalDoFilter(ApplicationFilterChain.java:164)
	at org.apache.catalina.core.ApplicationFilterChain.doFilter(ApplicationFilterChain.java:140)
	at org.apache.catalina.core.StandardWrapperValve.invoke(StandardWrapperValve.java:167)
	at org.apache.catalina.core.StandardContextValve.invoke(StandardContextValve.java:90)
	at org.apache.catalina.authenticator.AuthenticatorBase.invoke(AuthenticatorBase.java:483)
	at org.apache.catalina.core.StandardHostValve.invoke(StandardHostValve.java:115)
	at org.apache.catalina.valves.ErrorReportValve.invoke(ErrorReportValve.java:93)
	at org.apache.catalina.core.StandardEngineValve.invoke(StandardEngineValve.java:74)
	at org.apache.catalina.connector.CoyoteAdapter.service(CoyoteAdapter.java:344)
	at org.apache.coyote.http11.Http11Processor.service(Http11Processor.java:384)
	at org.apache.coyote.AbstractProcessorLight.process(AbstractProcessorLight.java:63)
	at org.apache.coyote.AbstractProtocol$ConnectionHandler.process(AbstractProtocol.java:905)
	at org.apache.tomcat.util.net.NioEndpoint$SocketProcessor.doRun(NioEndpoint.java:1741)
	at org.apache.tomcat.util.net.SocketProcessorBase.run(SocketProcessorBase.java:52)
	at org.apache.tomcat.util.threads.ThreadPoolExecutor.runWorker(ThreadPoolExecutor.java:1190)
	at org.apache.tomcat.util.threads.ThreadPoolExecutor$Worker.run(ThreadPoolExecutor.java:659)
	at org.apache.tomcat.util.threads.TaskThread$WrappingRunnable.run(TaskThread.java:63)
	at java.base/java.lang.Thread.run(Thread.java:1583)
Caused by: org.springframework.security.oauth2.jwt.JwtException: Token is invalid
	at com.practice.QLTV.configuration.CustomJwtDecoder.decode(CustomJwtDecoder.java:40)
	at org.springframework.security.oauth2.server.resource.authentication.JwtAuthenticationProvider.getJwt(JwtAuthenticationProvider.java:99)
	... 60 common frames omitted
2025-03-06 09:43:48.883 [http-nio-6060-exec-1] DEBUG c.p.QLTV.service.impl.UserServiceImp - Fetching user with ID: 1
2025-03-06 09:52:11.292 [SpringApplicationShutdownHook] INFO  o.s.o.j.LocalContainerEntityManagerFactoryBean - Closing JPA EntityManagerFactory for persistence unit 'default'
2025-03-06 09:52:11.295 [SpringApplicationShutdownHook] INFO  com.zaxxer.hikari.HikariDataSource - HikariPool-1 - Shutdown initiated...
2025-03-06 09:52:11.307 [SpringApplicationShutdownHook] INFO  com.zaxxer.hikari.HikariDataSource - HikariPool-1 - Shutdown completed.
2025-03-06 09:53:54.746 [main] INFO  com.practice.QLTV.QltvApplication - Starting QltvApplication using Java 21.0.5 with PID 10056 (D:\Work\Task\QLTV\target\classes started by ACER in D:\Work\Task\QLTV)
2025-03-06 09:53:54.748 [main] DEBUG com.practice.QLTV.QltvApplication - Running with Spring Boot v3.3.4, Spring v6.1.13
2025-03-06 09:53:54.749 [main] INFO  com.practice.QLTV.QltvApplication - No active profile set, falling back to 1 default profile: "default"
2025-03-06 09:53:56.166 [main] INFO  o.s.d.r.c.RepositoryConfigurationDelegate - Bootstrapping Spring Data JPA repositories in DEFAULT mode.
2025-03-06 09:53:56.322 [main] INFO  o.s.d.r.c.RepositoryConfigurationDelegate - Finished Spring Data repository scanning in 142 ms. Found 9 JPA repository interfaces.
2025-03-06 09:53:57.609 [main] INFO  o.s.b.w.e.tomcat.TomcatWebServer - Tomcat initialized with port 6060 (http)
2025-03-06 09:53:57.635 [main] INFO  o.a.coyote.http11.Http11NioProtocol - Initializing ProtocolHandler ["http-nio-6060"]
2025-03-06 09:53:57.645 [main] INFO  o.a.catalina.core.StandardService - Starting service [Tomcat]
2025-03-06 09:53:57.645 [main] INFO  o.a.catalina.core.StandardEngine - Starting Servlet engine: [Apache Tomcat/10.1.30]
2025-03-06 09:53:57.786 [main] INFO  o.a.c.c.C.[.[localhost].[/QLTV] - Initializing Spring embedded WebApplicationContext
2025-03-06 09:53:57.789 [main] INFO  o.s.b.w.s.c.ServletWebServerApplicationContext - Root WebApplicationContext: initialization completed in 2970 ms
2025-03-06 09:53:58.175 [main] INFO  o.h.jpa.internal.util.LogHelper - HHH000204: Processing PersistenceUnitInfo [name: default]
2025-03-06 09:53:58.301 [main] INFO  org.hibernate.Version - HHH000412: Hibernate ORM core version 6.5.3.Final
2025-03-06 09:53:58.364 [main] INFO  o.h.c.i.RegionFactoryInitiator - HHH000026: Second-level cache disabled
2025-03-06 09:53:58.907 [main] INFO  o.s.o.j.p.SpringPersistenceUnitInfo - No LoadTimeWeaver setup: ignoring JPA class transformer
2025-03-06 09:53:58.980 [main] INFO  com.zaxxer.hikari.HikariDataSource - HikariPool-1 - Starting...
2025-03-06 09:53:59.529 [main] INFO  com.zaxxer.hikari.pool.HikariPool - HikariPool-1 - Added connection com.mysql.cj.jdbc.ConnectionImpl@64f6dd19
2025-03-06 09:53:59.533 [main] INFO  com.zaxxer.hikari.HikariDataSource - HikariPool-1 - Start completed.
2025-03-06 09:53:59.593 [main] WARN  org.hibernate.orm.deprecation - HHH90000025: MySQL8Dialect does not need to be specified explicitly using 'hibernate.dialect' (remove the property setting and it will be selected by default)
2025-03-06 09:53:59.594 [main] WARN  org.hibernate.orm.deprecation - HHH90000026: MySQL8Dialect has been deprecated; use org.hibernate.dialect.MySQLDialect instead
2025-03-06 09:54:01.115 [main] INFO  o.h.e.t.j.p.i.JtaPlatformInitiator - HHH000489: No JTA platform available (set 'hibernate.transaction.jta.platform' to enable JTA platform integration)
2025-03-06 09:54:01.195 [main] INFO  o.s.o.j.LocalContainerEntityManagerFactoryBean - Initialized JPA EntityManagerFactory for persistence unit 'default'
2025-03-06 09:54:01.546 [main] INFO  o.s.d.j.r.query.QueryEnhancerFactory - Hibernate is in classpath; If applicable, HQL parser will be used.
2025-03-06 09:54:03.204 [main] WARN  o.s.b.a.o.j.JpaBaseConfiguration$JpaWebConfiguration - spring.jpa.open-in-view is enabled by default. Therefore, database queries may be performed during view rendering. Explicitly configure spring.jpa.open-in-view to disable this warning
2025-03-06 09:54:06.208 [main] INFO  o.a.coyote.http11.Http11NioProtocol - Starting ProtocolHandler ["http-nio-6060"]
2025-03-06 09:54:06.276 [main] INFO  o.s.b.w.e.tomcat.TomcatWebServer - Tomcat started on port 6060 (http) with context path '/QLTV'
2025-03-06 09:54:06.297 [main] INFO  com.practice.QLTV.QltvApplication - Started QltvApplication in 12.192 seconds (process running for 13.849)
2025-03-06 09:55:05.384 [http-nio-6060-exec-1] INFO  o.a.c.c.C.[.[localhost].[/QLTV] - Initializing Spring DispatcherServlet 'dispatcherServlet'
2025-03-06 09:55:05.385 [http-nio-6060-exec-1] INFO  o.s.web.servlet.DispatcherServlet - Initializing Servlet 'dispatcherServlet'
2025-03-06 09:55:05.387 [http-nio-6060-exec-1] INFO  o.s.web.servlet.DispatcherServlet - Completed initialization in 2 ms
2025-03-06 09:55:06.295 [http-nio-6060-exec-1] DEBUG c.p.QLTV.service.impl.UserServiceImp - Fetching user with ID: 1
2025-03-06 09:58:55.573 [SpringApplicationShutdownHook] INFO  o.s.o.j.LocalContainerEntityManagerFactoryBean - Closing JPA EntityManagerFactory for persistence unit 'default'
2025-03-06 09:58:55.576 [SpringApplicationShutdownHook] INFO  com.zaxxer.hikari.HikariDataSource - HikariPool-1 - Shutdown initiated...
2025-03-06 09:58:55.589 [SpringApplicationShutdownHook] INFO  com.zaxxer.hikari.HikariDataSource - HikariPool-1 - Shutdown completed.
2025-03-06 10:18:07.034 [main] INFO  o.s.t.c.s.AnnotationConfigContextLoaderUtils - Could not detect default configuration classes for test class [com.practice.QLTV.QltvApplicationTests]: QltvApplicationTests does not declare any static, non-private, non-final, nested classes annotated with @Configuration.
2025-03-06 10:18:07.193 [main] INFO  o.s.b.t.c.SpringBootTestContextBootstrapper - Found @SpringBootConfiguration com.practice.QLTV.QltvApplication for test class com.practice.QLTV.QltvApplicationTests
2025-03-06 10:18:07.815 [main] INFO  c.practice.QLTV.QltvApplicationTests - Starting QltvApplicationTests using Java 21.0.5 with PID 19808 (started by ACER in D:\Work\Task\QLTV)
2025-03-06 10:18:07.815 [main] DEBUG c.practice.QLTV.QltvApplicationTests - Running with Spring Boot v3.3.4, Spring v6.1.13
2025-03-06 10:18:07.816 [main] INFO  c.practice.QLTV.QltvApplicationTests - No active profile set, falling back to 1 default profile: "default"
2025-03-06 10:18:09.088 [main] INFO  o.s.d.r.c.RepositoryConfigurationDelegate - Bootstrapping Spring Data JPA repositories in DEFAULT mode.
2025-03-06 10:18:09.202 [main] INFO  o.s.d.r.c.RepositoryConfigurationDelegate - Finished Spring Data repository scanning in 104 ms. Found 9 JPA repository interfaces.
2025-03-06 10:18:10.163 [main] INFO  o.h.jpa.internal.util.LogHelper - HHH000204: Processing PersistenceUnitInfo [name: default]
2025-03-06 10:18:10.258 [main] INFO  org.hibernate.Version - HHH000412: Hibernate ORM core version 6.5.3.Final
2025-03-06 10:18:10.310 [main] INFO  o.h.c.i.RegionFactoryInitiator - HHH000026: Second-level cache disabled
2025-03-06 10:18:10.886 [main] INFO  o.s.o.j.p.SpringPersistenceUnitInfo - No LoadTimeWeaver setup: ignoring JPA class transformer
2025-03-06 10:18:10.942 [main] INFO  com.zaxxer.hikari.HikariDataSource - HikariPool-1 - Starting...
2025-03-06 10:18:11.516 [main] INFO  com.zaxxer.hikari.pool.HikariPool - HikariPool-1 - Added connection com.mysql.cj.jdbc.ConnectionImpl@28f8ce2e
2025-03-06 10:18:11.518 [main] INFO  com.zaxxer.hikari.HikariDataSource - HikariPool-1 - Start completed.
2025-03-06 10:18:11.589 [main] WARN  org.hibernate.orm.deprecation - HHH90000025: MySQL8Dialect does not need to be specified explicitly using 'hibernate.dialect' (remove the property setting and it will be selected by default)
2025-03-06 10:18:11.608 [main] WARN  org.hibernate.orm.deprecation - HHH90000026: MySQL8Dialect has been deprecated; use org.hibernate.dialect.MySQLDialect instead
2025-03-06 10:18:13.169 [main] INFO  o.h.e.t.j.p.i.JtaPlatformInitiator - HHH000489: No JTA platform available (set 'hibernate.transaction.jta.platform' to enable JTA platform integration)
2025-03-06 10:18:13.249 [main] INFO  o.s.o.j.LocalContainerEntityManagerFactoryBean - Initialized JPA EntityManagerFactory for persistence unit 'default'
2025-03-06 10:18:13.686 [main] INFO  o.s.d.j.r.query.QueryEnhancerFactory - Hibernate is in classpath; If applicable, HQL parser will be used.
2025-03-06 10:18:15.566 [main] WARN  o.s.b.a.o.j.JpaBaseConfiguration$JpaWebConfiguration - spring.jpa.open-in-view is enabled by default. Therefore, database queries may be performed during view rendering. Explicitly configure spring.jpa.open-in-view to disable this warning
2025-03-06 10:18:17.209 [main] INFO  c.practice.QLTV.QltvApplicationTests - Started QltvApplicationTests in 9.786 seconds (process running for 11.522)
2025-03-06 10:18:17.861 [SpringApplicationShutdownHook] INFO  o.s.o.j.LocalContainerEntityManagerFactoryBean - Closing JPA EntityManagerFactory for persistence unit 'default'
2025-03-06 10:18:17.865 [SpringApplicationShutdownHook] INFO  com.zaxxer.hikari.HikariDataSource - HikariPool-1 - Shutdown initiated...
2025-03-06 10:18:17.878 [SpringApplicationShutdownHook] INFO  com.zaxxer.hikari.HikariDataSource - HikariPool-1 - Shutdown completed.
2025-03-06 10:18:32.443 [main] INFO  com.practice.QLTV.QltvApplication - Starting QltvApplication using Java 21.0.5 with PID 2996 (D:\Work\Task\QLTV\target\classes started by ACER in D:\Work\Task\QLTV)
2025-03-06 10:18:32.445 [main] DEBUG com.practice.QLTV.QltvApplication - Running with Spring Boot v3.3.4, Spring v6.1.13
2025-03-06 10:18:32.446 [main] INFO  com.practice.QLTV.QltvApplication - No active profile set, falling back to 1 default profile: "default"
2025-03-06 10:18:33.830 [main] INFO  o.s.d.r.c.RepositoryConfigurationDelegate - Bootstrapping Spring Data JPA repositories in DEFAULT mode.
2025-03-06 10:18:33.955 [main] INFO  o.s.d.r.c.RepositoryConfigurationDelegate - Finished Spring Data repository scanning in 113 ms. Found 9 JPA repository interfaces.
2025-03-06 10:18:35.225 [main] INFO  o.s.b.w.e.tomcat.TomcatWebServer - Tomcat initialized with port 6060 (http)
2025-03-06 10:18:35.266 [main] INFO  o.a.coyote.http11.Http11NioProtocol - Initializing ProtocolHandler ["http-nio-6060"]
2025-03-06 10:18:35.280 [main] INFO  o.a.catalina.core.StandardService - Starting service [Tomcat]
2025-03-06 10:18:35.281 [main] INFO  o.a.catalina.core.StandardEngine - Starting Servlet engine: [Apache Tomcat/10.1.30]
2025-03-06 10:18:35.537 [main] INFO  o.a.c.c.C.[.[localhost].[/QLTV] - Initializing Spring embedded WebApplicationContext
2025-03-06 10:18:35.540 [main] INFO  o.s.b.w.s.c.ServletWebServerApplicationContext - Root WebApplicationContext: initialization completed in 3029 ms
2025-03-06 10:18:36.168 [main] INFO  o.h.jpa.internal.util.LogHelper - HHH000204: Processing PersistenceUnitInfo [name: default]
2025-03-06 10:18:36.329 [main] INFO  org.hibernate.Version - HHH000412: Hibernate ORM core version 6.5.3.Final
2025-03-06 10:18:36.390 [main] INFO  o.h.c.i.RegionFactoryInitiator - HHH000026: Second-level cache disabled
2025-03-06 10:18:36.888 [main] INFO  o.s.o.j.p.SpringPersistenceUnitInfo - No LoadTimeWeaver setup: ignoring JPA class transformer
2025-03-06 10:18:36.941 [main] INFO  com.zaxxer.hikari.HikariDataSource - HikariPool-1 - Starting...
2025-03-06 10:18:37.428 [main] INFO  com.zaxxer.hikari.pool.HikariPool - HikariPool-1 - Added connection com.mysql.cj.jdbc.ConnectionImpl@4e9ea32f
2025-03-06 10:18:37.433 [main] INFO  com.zaxxer.hikari.HikariDataSource - HikariPool-1 - Start completed.
2025-03-06 10:18:37.497 [main] WARN  org.hibernate.orm.deprecation - HHH90000025: MySQL8Dialect does not need to be specified explicitly using 'hibernate.dialect' (remove the property setting and it will be selected by default)
2025-03-06 10:18:37.499 [main] WARN  org.hibernate.orm.deprecation - HHH90000026: MySQL8Dialect has been deprecated; use org.hibernate.dialect.MySQLDialect instead
2025-03-06 10:18:39.052 [main] INFO  o.h.e.t.j.p.i.JtaPlatformInitiator - HHH000489: No JTA platform available (set 'hibernate.transaction.jta.platform' to enable JTA platform integration)
2025-03-06 10:18:39.135 [main] INFO  o.s.o.j.LocalContainerEntityManagerFactoryBean - Initialized JPA EntityManagerFactory for persistence unit 'default'
2025-03-06 10:18:39.600 [main] INFO  o.s.d.j.r.query.QueryEnhancerFactory - Hibernate is in classpath; If applicable, HQL parser will be used.
2025-03-06 10:18:41.786 [main] WARN  o.s.b.a.o.j.JpaBaseConfiguration$JpaWebConfiguration - spring.jpa.open-in-view is enabled by default. Therefore, database queries may be performed during view rendering. Explicitly configure spring.jpa.open-in-view to disable this warning
2025-03-06 10:18:43.136 [main] INFO  o.a.coyote.http11.Http11NioProtocol - Starting ProtocolHandler ["http-nio-6060"]
2025-03-06 10:18:43.162 [main] INFO  o.s.b.w.e.tomcat.TomcatWebServer - Tomcat started on port 6060 (http) with context path '/QLTV'
2025-03-06 10:18:43.176 [main] INFO  com.practice.QLTV.QltvApplication - Started QltvApplication in 11.305 seconds (process running for 12.162)
2025-03-06 10:18:53.609 [http-nio-6060-exec-3] INFO  o.a.c.c.C.[.[localhost].[/QLTV] - Initializing Spring DispatcherServlet 'dispatcherServlet'
2025-03-06 10:18:53.610 [http-nio-6060-exec-3] INFO  o.s.web.servlet.DispatcherServlet - Initializing Servlet 'dispatcherServlet'
2025-03-06 10:18:53.612 [http-nio-6060-exec-3] INFO  o.s.web.servlet.DispatcherServlet - Completed initialization in 2 ms
2025-03-06 10:18:53.983 [http-nio-6060-exec-3] ERROR c.p.Q.e.GlobalExceptionHandler - Unexpected error: 
java.lang.IllegalArgumentException: Failed to evaluate expression 'fileRole(#request)'
	at org.springframework.security.authorization.method.ExpressionUtils.evaluate(ExpressionUtils.java:46)
	at org.springframework.security.authorization.method.PreAuthorizeAuthorizationManager.check(PreAuthorizeAuthorizationManager.java:85)
	at org.springframework.security.authorization.method.PreAuthorizeAuthorizationManager.check(PreAuthorizeAuthorizationManager.java:40)
	at org.springframework.security.authorization.method.AuthorizationManagerBeforeMethodInterceptor.attemptAuthorization(AuthorizationManagerBeforeMethodInterceptor.java:252)
	at org.springframework.security.authorization.method.AuthorizationManagerBeforeMethodInterceptor.invoke(AuthorizationManagerBeforeMethodInterceptor.java:197)
	at org.springframework.security.config.annotation.method.configuration.DeferringMethodInterceptor.invoke(DeferringMethodInterceptor.java:44)
	at org.springframework.aop.framework.ReflectiveMethodInvocation.proceed(ReflectiveMethodInvocation.java:184)
	at org.springframework.aop.framework.CglibAopProxy$CglibMethodInvocation.proceed(CglibAopProxy.java:768)
	at org.springframework.aop.framework.CglibAopProxy$DynamicAdvisedInterceptor.intercept(CglibAopProxy.java:720)
	at com.practice.QLTV.controller.UserController$$SpringCGLIB$$0.getUserById(<generated>)
	at java.base/jdk.internal.reflect.DirectMethodHandleAccessor.invoke(DirectMethodHandleAccessor.java:103)
	at java.base/java.lang.reflect.Method.invoke(Method.java:580)
	at org.springframework.web.method.support.InvocableHandlerMethod.doInvoke(InvocableHandlerMethod.java:255)
	at org.springframework.web.method.support.InvocableHandlerMethod.invokeForRequest(InvocableHandlerMethod.java:188)
	at org.springframework.web.servlet.mvc.method.annotation.ServletInvocableHandlerMethod.invokeAndHandle(ServletInvocableHandlerMethod.java:118)
	at org.springframework.web.servlet.mvc.method.annotation.RequestMappingHandlerAdapter.invokeHandlerMethod(RequestMappingHandlerAdapter.java:926)
	at org.springframework.web.servlet.mvc.method.annotation.RequestMappingHandlerAdapter.handleInternal(RequestMappingHandlerAdapter.java:831)
	at org.springframework.web.servlet.mvc.method.AbstractHandlerMethodAdapter.handle(AbstractHandlerMethodAdapter.java:87)
	at org.springframework.web.servlet.DispatcherServlet.doDispatch(DispatcherServlet.java:1089)
	at org.springframework.web.servlet.DispatcherServlet.doService(DispatcherServlet.java:979)
	at org.springframework.web.servlet.FrameworkServlet.processRequest(FrameworkServlet.java:1014)
	at org.springframework.web.servlet.FrameworkServlet.doGet(FrameworkServlet.java:903)
	at jakarta.servlet.http.HttpServlet.service(HttpServlet.java:564)
	at org.springframework.web.servlet.FrameworkServlet.service(FrameworkServlet.java:885)
	at jakarta.servlet.http.HttpServlet.service(HttpServlet.java:658)
	at org.apache.catalina.core.ApplicationFilterChain.internalDoFilter(ApplicationFilterChain.java:195)
	at org.apache.catalina.core.ApplicationFilterChain.doFilter(ApplicationFilterChain.java:140)
	at org.apache.tomcat.websocket.server.WsFilter.doFilter(WsFilter.java:51)
	at org.apache.catalina.core.ApplicationFilterChain.internalDoFilter(ApplicationFilterChain.java:164)
	at org.apache.catalina.core.ApplicationFilterChain.doFilter(ApplicationFilterChain.java:140)
	at org.springframework.web.filter.CorsFilter.doFilterInternal(CorsFilter.java:91)
	at org.springframework.web.filter.OncePerRequestFilter.doFilter(OncePerRequestFilter.java:116)
	at org.apache.catalina.core.ApplicationFilterChain.internalDoFilter(ApplicationFilterChain.java:164)
	at org.apache.catalina.core.ApplicationFilterChain.doFilter(ApplicationFilterChain.java:140)
	at org.springframework.web.filter.CompositeFilter$VirtualFilterChain.doFilter(CompositeFilter.java:108)
	at org.springframework.security.web.FilterChainProxy.lambda$doFilterInternal$3(FilterChainProxy.java:231)
	at org.springframework.security.web.FilterChainProxy$VirtualFilterChain.doFilter(FilterChainProxy.java:365)
	at org.springframework.security.web.access.intercept.AuthorizationFilter.doFilter(AuthorizationFilter.java:100)
	at org.springframework.security.web.FilterChainProxy$VirtualFilterChain.doFilter(FilterChainProxy.java:374)
	at org.springframework.security.web.access.ExceptionTranslationFilter.doFilter(ExceptionTranslationFilter.java:126)
	at org.springframework.security.web.access.ExceptionTranslationFilter.doFilter(ExceptionTranslationFilter.java:120)
	at org.springframework.security.web.FilterChainProxy$VirtualFilterChain.doFilter(FilterChainProxy.java:374)
	at org.springframework.security.web.authentication.AnonymousAuthenticationFilter.doFilter(AnonymousAuthenticationFilter.java:100)
	at org.springframework.security.web.FilterChainProxy$VirtualFilterChain.doFilter(FilterChainProxy.java:374)
	at org.springframework.security.web.servletapi.SecurityContextHolderAwareRequestFilter.doFilter(SecurityContextHolderAwareRequestFilter.java:179)
	at org.springframework.security.web.FilterChainProxy$VirtualFilterChain.doFilter(FilterChainProxy.java:374)
	at org.springframework.security.web.savedrequest.RequestCacheAwareFilter.doFilter(RequestCacheAwareFilter.java:63)
	at org.springframework.security.web.FilterChainProxy$VirtualFilterChain.doFilter(FilterChainProxy.java:374)
	at org.springframework.security.oauth2.server.resource.web.authentication.BearerTokenAuthenticationFilter.doFilterInternal(BearerTokenAuthenticationFilter.java:145)
	at org.springframework.web.filter.OncePerRequestFilter.doFilter(OncePerRequestFilter.java:116)
	at org.springframework.security.web.FilterChainProxy$VirtualFilterChain.doFilter(FilterChainProxy.java:374)
	at org.springframework.security.web.authentication.logout.LogoutFilter.doFilter(LogoutFilter.java:107)
	at org.springframework.security.web.authentication.logout.LogoutFilter.doFilter(LogoutFilter.java:93)
	at org.springframework.security.web.FilterChainProxy$VirtualFilterChain.doFilter(FilterChainProxy.java:374)
	at org.springframework.security.web.header.HeaderWriterFilter.doHeadersAfter(HeaderWriterFilter.java:90)
	at org.springframework.security.web.header.HeaderWriterFilter.doFilterInternal(HeaderWriterFilter.java:75)
	at org.springframework.web.filter.OncePerRequestFilter.doFilter(OncePerRequestFilter.java:116)
	at org.springframework.security.web.FilterChainProxy$VirtualFilterChain.doFilter(FilterChainProxy.java:374)
	at org.springframework.security.web.context.SecurityContextHolderFilter.doFilter(SecurityContextHolderFilter.java:82)
	at org.springframework.security.web.context.SecurityContextHolderFilter.doFilter(SecurityContextHolderFilter.java:69)
	at org.springframework.security.web.FilterChainProxy$VirtualFilterChain.doFilter(FilterChainProxy.java:374)
	at org.springframework.security.web.context.request.async.WebAsyncManagerIntegrationFilter.doFilterInternal(WebAsyncManagerIntegrationFilter.java:62)
	at org.springframework.web.filter.OncePerRequestFilter.doFilter(OncePerRequestFilter.java:116)
	at org.springframework.security.web.FilterChainProxy$VirtualFilterChain.doFilter(FilterChainProxy.java:374)
	at org.springframework.security.web.session.DisableEncodeUrlFilter.doFilterInternal(DisableEncodeUrlFilter.java:42)
	at org.springframework.web.filter.OncePerRequestFilter.doFilter(OncePerRequestFilter.java:116)
	at org.springframework.security.web.FilterChainProxy$VirtualFilterChain.doFilter(FilterChainProxy.java:374)
	at org.springframework.security.web.FilterChainProxy.doFilterInternal(FilterChainProxy.java:233)
	at org.springframework.security.web.FilterChainProxy.doFilter(FilterChainProxy.java:191)
	at org.springframework.web.filter.CompositeFilter$VirtualFilterChain.doFilter(CompositeFilter.java:113)
	at org.springframework.web.servlet.handler.HandlerMappingIntrospector.lambda$createCacheFilter$3(HandlerMappingIntrospector.java:195)
	at org.springframework.web.filter.CompositeFilter$VirtualFilterChain.doFilter(CompositeFilter.java:113)
	at org.springframework.web.filter.CompositeFilter.doFilter(CompositeFilter.java:74)
	at org.springframework.security.config.annotation.web.configuration.WebMvcSecurityConfiguration$CompositeFilterChainProxy.doFilter(WebMvcSecurityConfiguration.java:230)
	at org.springframework.web.filter.DelegatingFilterProxy.invokeDelegate(DelegatingFilterProxy.java:352)
	at org.springframework.web.filter.DelegatingFilterProxy.doFilter(DelegatingFilterProxy.java:268)
	at org.apache.catalina.core.ApplicationFilterChain.internalDoFilter(ApplicationFilterChain.java:164)
	at org.apache.catalina.core.ApplicationFilterChain.doFilter(ApplicationFilterChain.java:140)
	at org.springframework.web.filter.RequestContextFilter.doFilterInternal(RequestContextFilter.java:100)
	at org.springframework.web.filter.OncePerRequestFilter.doFilter(OncePerRequestFilter.java:116)
	at org.apache.catalina.core.ApplicationFilterChain.internalDoFilter(ApplicationFilterChain.java:164)
	at org.apache.catalina.core.ApplicationFilterChain.doFilter(ApplicationFilterChain.java:140)
	at org.springframework.web.filter.FormContentFilter.doFilterInternal(FormContentFilter.java:93)
	at org.springframework.web.filter.OncePerRequestFilter.doFilter(OncePerRequestFilter.java:116)
	at org.apache.catalina.core.ApplicationFilterChain.internalDoFilter(ApplicationFilterChain.java:164)
	at org.apache.catalina.core.ApplicationFilterChain.doFilter(ApplicationFilterChain.java:140)
	at org.springframework.web.filter.CharacterEncodingFilter.doFilterInternal(CharacterEncodingFilter.java:201)
	at org.springframework.web.filter.OncePerRequestFilter.doFilter(OncePerRequestFilter.java:116)
	at org.apache.catalina.core.ApplicationFilterChain.internalDoFilter(ApplicationFilterChain.java:164)
	at org.apache.catalina.core.ApplicationFilterChain.doFilter(ApplicationFilterChain.java:140)
	at org.apache.catalina.core.StandardWrapperValve.invoke(StandardWrapperValve.java:167)
	at org.apache.catalina.core.StandardContextValve.invoke(StandardContextValve.java:90)
	at org.apache.catalina.authenticator.AuthenticatorBase.invoke(AuthenticatorBase.java:483)
	at org.apache.catalina.core.StandardHostValve.invoke(StandardHostValve.java:115)
	at org.apache.catalina.valves.ErrorReportValve.invoke(ErrorReportValve.java:93)
	at org.apache.catalina.core.StandardEngineValve.invoke(StandardEngineValve.java:74)
	at org.apache.catalina.connector.CoyoteAdapter.service(CoyoteAdapter.java:344)
	at org.apache.coyote.http11.Http11Processor.service(Http11Processor.java:384)
	at org.apache.coyote.AbstractProcessorLight.process(AbstractProcessorLight.java:63)
	at org.apache.coyote.AbstractProtocol$ConnectionHandler.process(AbstractProtocol.java:905)
	at org.apache.tomcat.util.net.NioEndpoint$SocketProcessor.doRun(NioEndpoint.java:1741)
	at org.apache.tomcat.util.net.SocketProcessorBase.run(SocketProcessorBase.java:52)
	at org.apache.tomcat.util.threads.ThreadPoolExecutor.runWorker(ThreadPoolExecutor.java:1190)
	at org.apache.tomcat.util.threads.ThreadPoolExecutor$Worker.run(ThreadPoolExecutor.java:659)
	at org.apache.tomcat.util.threads.TaskThread$WrappingRunnable.run(TaskThread.java:63)
	at java.base/java.lang.Thread.run(Thread.java:1583)
Caused by: org.springframework.expression.spel.SpelEvaluationException: EL1004E: Method call: Method fileRole(org.springframework.security.web.servletapi.HttpServlet3RequestFactory$Servlet3SecurityContextHolderAwareRequestWrapper) cannot be found on type org.springframework.security.access.expression.method.MethodSecurityExpressionRoot
	at org.springframework.expression.spel.ast.MethodReference.findAccessorForMethod(MethodReference.java:238)
	at org.springframework.expression.spel.ast.MethodReference.getValueInternal(MethodReference.java:148)
	at org.springframework.expression.spel.ast.MethodReference.getValueInternal(MethodReference.java:108)
	at org.springframework.expression.spel.ast.SpelNodeImpl.getValue(SpelNodeImpl.java:114)
	at org.springframework.expression.spel.standard.SpelExpression.getValue(SpelExpression.java:273)
	at org.springframework.security.authorization.method.ExpressionUtils.evaluate(ExpressionUtils.java:32)
	... 105 common frames omitted
2025-03-06 10:19:04.748 [http-nio-6060-exec-4] ERROR c.p.Q.e.GlobalExceptionHandler - Unexpected error: 
java.lang.IllegalArgumentException: Failed to evaluate expression 'fileRole(#request)'
	at org.springframework.security.authorization.method.ExpressionUtils.evaluate(ExpressionUtils.java:46)
	at org.springframework.security.authorization.method.PreAuthorizeAuthorizationManager.check(PreAuthorizeAuthorizationManager.java:85)
	at org.springframework.security.authorization.method.PreAuthorizeAuthorizationManager.check(PreAuthorizeAuthorizationManager.java:40)
	at org.springframework.security.authorization.method.AuthorizationManagerBeforeMethodInterceptor.attemptAuthorization(AuthorizationManagerBeforeMethodInterceptor.java:252)
	at org.springframework.security.authorization.method.AuthorizationManagerBeforeMethodInterceptor.invoke(AuthorizationManagerBeforeMethodInterceptor.java:197)
	at org.springframework.security.config.annotation.method.configuration.DeferringMethodInterceptor.invoke(DeferringMethodInterceptor.java:44)
	at org.springframework.aop.framework.ReflectiveMethodInvocation.proceed(ReflectiveMethodInvocation.java:184)
	at org.springframework.aop.framework.CglibAopProxy$CglibMethodInvocation.proceed(CglibAopProxy.java:768)
	at org.springframework.aop.framework.CglibAopProxy$DynamicAdvisedInterceptor.intercept(CglibAopProxy.java:720)
	at com.practice.QLTV.controller.UserController$$SpringCGLIB$$0.createUser(<generated>)
	at java.base/jdk.internal.reflect.DirectMethodHandleAccessor.invoke(DirectMethodHandleAccessor.java:103)
	at java.base/java.lang.reflect.Method.invoke(Method.java:580)
	at org.springframework.web.method.support.InvocableHandlerMethod.doInvoke(InvocableHandlerMethod.java:255)
	at org.springframework.web.method.support.InvocableHandlerMethod.invokeForRequest(InvocableHandlerMethod.java:188)
	at org.springframework.web.servlet.mvc.method.annotation.ServletInvocableHandlerMethod.invokeAndHandle(ServletInvocableHandlerMethod.java:118)
	at org.springframework.web.servlet.mvc.method.annotation.RequestMappingHandlerAdapter.invokeHandlerMethod(RequestMappingHandlerAdapter.java:926)
	at org.springframework.web.servlet.mvc.method.annotation.RequestMappingHandlerAdapter.handleInternal(RequestMappingHandlerAdapter.java:831)
	at org.springframework.web.servlet.mvc.method.AbstractHandlerMethodAdapter.handle(AbstractHandlerMethodAdapter.java:87)
	at org.springframework.web.servlet.DispatcherServlet.doDispatch(DispatcherServlet.java:1089)
	at org.springframework.web.servlet.DispatcherServlet.doService(DispatcherServlet.java:979)
	at org.springframework.web.servlet.FrameworkServlet.processRequest(FrameworkServlet.java:1014)
	at org.springframework.web.servlet.FrameworkServlet.doPost(FrameworkServlet.java:914)
	at jakarta.servlet.http.HttpServlet.service(HttpServlet.java:590)
	at org.springframework.web.servlet.FrameworkServlet.service(FrameworkServlet.java:885)
	at jakarta.servlet.http.HttpServlet.service(HttpServlet.java:658)
	at org.apache.catalina.core.ApplicationFilterChain.internalDoFilter(ApplicationFilterChain.java:195)
	at org.apache.catalina.core.ApplicationFilterChain.doFilter(ApplicationFilterChain.java:140)
	at org.apache.tomcat.websocket.server.WsFilter.doFilter(WsFilter.java:51)
	at org.apache.catalina.core.ApplicationFilterChain.internalDoFilter(ApplicationFilterChain.java:164)
	at org.apache.catalina.core.ApplicationFilterChain.doFilter(ApplicationFilterChain.java:140)
	at org.springframework.web.filter.CorsFilter.doFilterInternal(CorsFilter.java:91)
	at org.springframework.web.filter.OncePerRequestFilter.doFilter(OncePerRequestFilter.java:116)
	at org.apache.catalina.core.ApplicationFilterChain.internalDoFilter(ApplicationFilterChain.java:164)
	at org.apache.catalina.core.ApplicationFilterChain.doFilter(ApplicationFilterChain.java:140)
	at org.springframework.web.filter.CompositeFilter$VirtualFilterChain.doFilter(CompositeFilter.java:108)
	at org.springframework.security.web.FilterChainProxy.lambda$doFilterInternal$3(FilterChainProxy.java:231)
	at org.springframework.security.web.FilterChainProxy$VirtualFilterChain.doFilter(FilterChainProxy.java:365)
	at org.springframework.security.web.access.intercept.AuthorizationFilter.doFilter(AuthorizationFilter.java:100)
	at org.springframework.security.web.FilterChainProxy$VirtualFilterChain.doFilter(FilterChainProxy.java:374)
	at org.springframework.security.web.access.ExceptionTranslationFilter.doFilter(ExceptionTranslationFilter.java:126)
	at org.springframework.security.web.access.ExceptionTranslationFilter.doFilter(ExceptionTranslationFilter.java:120)
	at org.springframework.security.web.FilterChainProxy$VirtualFilterChain.doFilter(FilterChainProxy.java:374)
	at org.springframework.security.web.authentication.AnonymousAuthenticationFilter.doFilter(AnonymousAuthenticationFilter.java:100)
	at org.springframework.security.web.FilterChainProxy$VirtualFilterChain.doFilter(FilterChainProxy.java:374)
	at org.springframework.security.web.servletapi.SecurityContextHolderAwareRequestFilter.doFilter(SecurityContextHolderAwareRequestFilter.java:179)
	at org.springframework.security.web.FilterChainProxy$VirtualFilterChain.doFilter(FilterChainProxy.java:374)
	at org.springframework.security.web.savedrequest.RequestCacheAwareFilter.doFilter(RequestCacheAwareFilter.java:63)
	at org.springframework.security.web.FilterChainProxy$VirtualFilterChain.doFilter(FilterChainProxy.java:374)
	at org.springframework.security.oauth2.server.resource.web.authentication.BearerTokenAuthenticationFilter.doFilterInternal(BearerTokenAuthenticationFilter.java:128)
	at org.springframework.web.filter.OncePerRequestFilter.doFilter(OncePerRequestFilter.java:116)
	at org.springframework.security.web.FilterChainProxy$VirtualFilterChain.doFilter(FilterChainProxy.java:374)
	at org.springframework.security.web.authentication.logout.LogoutFilter.doFilter(LogoutFilter.java:107)
	at org.springframework.security.web.authentication.logout.LogoutFilter.doFilter(LogoutFilter.java:93)
	at org.springframework.security.web.FilterChainProxy$VirtualFilterChain.doFilter(FilterChainProxy.java:374)
	at org.springframework.security.web.header.HeaderWriterFilter.doHeadersAfter(HeaderWriterFilter.java:90)
	at org.springframework.security.web.header.HeaderWriterFilter.doFilterInternal(HeaderWriterFilter.java:75)
	at org.springframework.web.filter.OncePerRequestFilter.doFilter(OncePerRequestFilter.java:116)
	at org.springframework.security.web.FilterChainProxy$VirtualFilterChain.doFilter(FilterChainProxy.java:374)
	at org.springframework.security.web.context.SecurityContextHolderFilter.doFilter(SecurityContextHolderFilter.java:82)
	at org.springframework.security.web.context.SecurityContextHolderFilter.doFilter(SecurityContextHolderFilter.java:69)
	at org.springframework.security.web.FilterChainProxy$VirtualFilterChain.doFilter(FilterChainProxy.java:374)
	at org.springframework.security.web.context.request.async.WebAsyncManagerIntegrationFilter.doFilterInternal(WebAsyncManagerIntegrationFilter.java:62)
	at org.springframework.web.filter.OncePerRequestFilter.doFilter(OncePerRequestFilter.java:116)
	at org.springframework.security.web.FilterChainProxy$VirtualFilterChain.doFilter(FilterChainProxy.java:374)
	at org.springframework.security.web.session.DisableEncodeUrlFilter.doFilterInternal(DisableEncodeUrlFilter.java:42)
	at org.springframework.web.filter.OncePerRequestFilter.doFilter(OncePerRequestFilter.java:116)
	at org.springframework.security.web.FilterChainProxy$VirtualFilterChain.doFilter(FilterChainProxy.java:374)
	at org.springframework.security.web.FilterChainProxy.doFilterInternal(FilterChainProxy.java:233)
	at org.springframework.security.web.FilterChainProxy.doFilter(FilterChainProxy.java:191)
	at org.springframework.web.filter.CompositeFilter$VirtualFilterChain.doFilter(CompositeFilter.java:113)
	at org.springframework.web.servlet.handler.HandlerMappingIntrospector.lambda$createCacheFilter$3(HandlerMappingIntrospector.java:195)
	at org.springframework.web.filter.CompositeFilter$VirtualFilterChain.doFilter(CompositeFilter.java:113)
	at org.springframework.web.filter.CompositeFilter.doFilter(CompositeFilter.java:74)
	at org.springframework.security.config.annotation.web.configuration.WebMvcSecurityConfiguration$CompositeFilterChainProxy.doFilter(WebMvcSecurityConfiguration.java:230)
	at org.springframework.web.filter.DelegatingFilterProxy.invokeDelegate(DelegatingFilterProxy.java:352)
	at org.springframework.web.filter.DelegatingFilterProxy.doFilter(DelegatingFilterProxy.java:268)
	at org.apache.catalina.core.ApplicationFilterChain.internalDoFilter(ApplicationFilterChain.java:164)
	at org.apache.catalina.core.ApplicationFilterChain.doFilter(ApplicationFilterChain.java:140)
	at org.springframework.web.filter.RequestContextFilter.doFilterInternal(RequestContextFilter.java:100)
	at org.springframework.web.filter.OncePerRequestFilter.doFilter(OncePerRequestFilter.java:116)
	at org.apache.catalina.core.ApplicationFilterChain.internalDoFilter(ApplicationFilterChain.java:164)
	at org.apache.catalina.core.ApplicationFilterChain.doFilter(ApplicationFilterChain.java:140)
	at org.springframework.web.filter.FormContentFilter.doFilterInternal(FormContentFilter.java:93)
	at org.springframework.web.filter.OncePerRequestFilter.doFilter(OncePerRequestFilter.java:116)
	at org.apache.catalina.core.ApplicationFilterChain.internalDoFilter(ApplicationFilterChain.java:164)
	at org.apache.catalina.core.ApplicationFilterChain.doFilter(ApplicationFilterChain.java:140)
	at org.springframework.web.filter.CharacterEncodingFilter.doFilterInternal(CharacterEncodingFilter.java:201)
	at org.springframework.web.filter.OncePerRequestFilter.doFilter(OncePerRequestFilter.java:116)
	at org.apache.catalina.core.ApplicationFilterChain.internalDoFilter(ApplicationFilterChain.java:164)
	at org.apache.catalina.core.ApplicationFilterChain.doFilter(ApplicationFilterChain.java:140)
	at org.apache.catalina.core.StandardWrapperValve.invoke(StandardWrapperValve.java:167)
	at org.apache.catalina.core.StandardContextValve.invoke(StandardContextValve.java:90)
	at org.apache.catalina.authenticator.AuthenticatorBase.invoke(AuthenticatorBase.java:483)
	at org.apache.catalina.core.StandardHostValve.invoke(StandardHostValve.java:115)
	at org.apache.catalina.valves.ErrorReportValve.invoke(ErrorReportValve.java:93)
	at org.apache.catalina.core.StandardEngineValve.invoke(StandardEngineValve.java:74)
	at org.apache.catalina.connector.CoyoteAdapter.service(CoyoteAdapter.java:344)
	at org.apache.coyote.http11.Http11Processor.service(Http11Processor.java:384)
	at org.apache.coyote.AbstractProcessorLight.process(AbstractProcessorLight.java:63)
	at org.apache.coyote.AbstractProtocol$ConnectionHandler.process(AbstractProtocol.java:905)
	at org.apache.tomcat.util.net.NioEndpoint$SocketProcessor.doRun(NioEndpoint.java:1741)
	at org.apache.tomcat.util.net.SocketProcessorBase.run(SocketProcessorBase.java:52)
	at org.apache.tomcat.util.threads.ThreadPoolExecutor.runWorker(ThreadPoolExecutor.java:1190)
	at org.apache.tomcat.util.threads.ThreadPoolExecutor$Worker.run(ThreadPoolExecutor.java:659)
	at org.apache.tomcat.util.threads.TaskThread$WrappingRunnable.run(TaskThread.java:63)
	at java.base/java.lang.Thread.run(Thread.java:1583)
Caused by: org.springframework.expression.spel.SpelEvaluationException: EL1004E: Method call: Method fileRole(org.springframework.security.web.servletapi.HttpServlet3RequestFactory$Servlet3SecurityContextHolderAwareRequestWrapper) cannot be found on type org.springframework.security.access.expression.method.MethodSecurityExpressionRoot
	at org.springframework.expression.spel.ast.MethodReference.findAccessorForMethod(MethodReference.java:238)
	at org.springframework.expression.spel.ast.MethodReference.getValueInternal(MethodReference.java:148)
	at org.springframework.expression.spel.ast.MethodReference.getValueInternal(MethodReference.java:108)
	at org.springframework.expression.spel.ast.SpelNodeImpl.getValue(SpelNodeImpl.java:114)
	at org.springframework.expression.spel.standard.SpelExpression.getValue(SpelExpression.java:273)
	at org.springframework.security.authorization.method.ExpressionUtils.evaluate(ExpressionUtils.java:32)
	... 105 common frames omitted
2025-03-06 10:25:46.360 [SpringApplicationShutdownHook] INFO  o.s.o.j.LocalContainerEntityManagerFactoryBean - Closing JPA EntityManagerFactory for persistence unit 'default'
2025-03-06 10:25:46.364 [SpringApplicationShutdownHook] INFO  com.zaxxer.hikari.HikariDataSource - HikariPool-1 - Shutdown initiated...
2025-03-06 10:25:46.376 [SpringApplicationShutdownHook] INFO  com.zaxxer.hikari.HikariDataSource - HikariPool-1 - Shutdown completed.
2025-03-06 10:27:47.241 [main] INFO  com.practice.QLTV.QltvApplication - Starting QltvApplication using Java 21.0.5 with PID 15588 (D:\Work\Task\QLTV\target\classes started by ACER in D:\Work\Task\QLTV)
2025-03-06 10:27:47.243 [main] DEBUG com.practice.QLTV.QltvApplication - Running with Spring Boot v3.3.4, Spring v6.1.13
2025-03-06 10:27:47.244 [main] INFO  com.practice.QLTV.QltvApplication - No active profile set, falling back to 1 default profile: "default"
2025-03-06 10:27:48.826 [main] INFO  o.s.d.r.c.RepositoryConfigurationDelegate - Bootstrapping Spring Data JPA repositories in DEFAULT mode.
2025-03-06 10:27:48.961 [main] INFO  o.s.d.r.c.RepositoryConfigurationDelegate - Finished Spring Data repository scanning in 124 ms. Found 9 JPA repository interfaces.
2025-03-06 10:27:50.329 [main] INFO  o.s.b.w.e.tomcat.TomcatWebServer - Tomcat initialized with port 6060 (http)
2025-03-06 10:27:50.363 [main] INFO  o.a.coyote.http11.Http11NioProtocol - Initializing ProtocolHandler ["http-nio-6060"]
2025-03-06 10:27:50.370 [main] INFO  o.a.catalina.core.StandardService - Starting service [Tomcat]
2025-03-06 10:27:50.371 [main] INFO  o.a.catalina.core.StandardEngine - Starting Servlet engine: [Apache Tomcat/10.1.30]
2025-03-06 10:27:50.543 [main] INFO  o.a.c.c.C.[.[localhost].[/QLTV] - Initializing Spring embedded WebApplicationContext
2025-03-06 10:27:50.545 [main] INFO  o.s.b.w.s.c.ServletWebServerApplicationContext - Root WebApplicationContext: initialization completed in 3234 ms
2025-03-06 10:27:51.139 [main] INFO  o.h.jpa.internal.util.LogHelper - HHH000204: Processing PersistenceUnitInfo [name: default]
2025-03-06 10:27:51.257 [main] INFO  org.hibernate.Version - HHH000412: Hibernate ORM core version 6.5.3.Final
2025-03-06 10:27:51.305 [main] INFO  o.h.c.i.RegionFactoryInitiator - HHH000026: Second-level cache disabled
2025-03-06 10:27:51.831 [main] INFO  o.s.o.j.p.SpringPersistenceUnitInfo - No LoadTimeWeaver setup: ignoring JPA class transformer
2025-03-06 10:27:51.906 [main] INFO  com.zaxxer.hikari.HikariDataSource - HikariPool-1 - Starting...
2025-03-06 10:27:52.386 [main] INFO  com.zaxxer.hikari.pool.HikariPool - HikariPool-1 - Added connection com.mysql.cj.jdbc.ConnectionImpl@4ec27c4c
2025-03-06 10:27:52.390 [main] INFO  com.zaxxer.hikari.HikariDataSource - HikariPool-1 - Start completed.
2025-03-06 10:27:52.452 [main] WARN  org.hibernate.orm.deprecation - HHH90000025: MySQL8Dialect does not need to be specified explicitly using 'hibernate.dialect' (remove the property setting and it will be selected by default)
2025-03-06 10:27:52.453 [main] WARN  org.hibernate.orm.deprecation - HHH90000026: MySQL8Dialect has been deprecated; use org.hibernate.dialect.MySQLDialect instead
2025-03-06 10:27:53.905 [main] INFO  o.h.e.t.j.p.i.JtaPlatformInitiator - HHH000489: No JTA platform available (set 'hibernate.transaction.jta.platform' to enable JTA platform integration)
2025-03-06 10:27:53.983 [main] INFO  o.s.o.j.LocalContainerEntityManagerFactoryBean - Initialized JPA EntityManagerFactory for persistence unit 'default'
2025-03-06 10:27:54.340 [main] INFO  o.s.d.j.r.query.QueryEnhancerFactory - Hibernate is in classpath; If applicable, HQL parser will be used.
2025-03-06 10:27:56.367 [main] WARN  o.s.b.a.o.j.JpaBaseConfiguration$JpaWebConfiguration - spring.jpa.open-in-view is enabled by default. Therefore, database queries may be performed during view rendering. Explicitly configure spring.jpa.open-in-view to disable this warning
2025-03-06 10:27:57.904 [main] INFO  o.a.coyote.http11.Http11NioProtocol - Starting ProtocolHandler ["http-nio-6060"]
2025-03-06 10:27:57.946 [main] INFO  o.s.b.w.e.tomcat.TomcatWebServer - Tomcat started on port 6060 (http) with context path '/QLTV'
2025-03-06 10:27:57.959 [main] INFO  com.practice.QLTV.QltvApplication - Started QltvApplication in 11.295 seconds (process running for 12.165)
2025-03-06 10:28:02.915 [http-nio-6060-exec-2] INFO  o.a.c.c.C.[.[localhost].[/QLTV] - Initializing Spring DispatcherServlet 'dispatcherServlet'
2025-03-06 10:28:02.915 [http-nio-6060-exec-2] INFO  o.s.web.servlet.DispatcherServlet - Initializing Servlet 'dispatcherServlet'
2025-03-06 10:28:02.917 [http-nio-6060-exec-2] INFO  o.s.web.servlet.DispatcherServlet - Completed initialization in 1 ms
2025-03-06 10:28:03.084 [http-nio-6060-exec-2] ERROR c.p.Q.e.GlobalExceptionHandler - Unexpected error: 
java.lang.IllegalArgumentException: Failed to evaluate expression 'fileRole(#request)'
	at org.springframework.security.authorization.method.ExpressionUtils.evaluate(ExpressionUtils.java:46)
	at org.springframework.security.authorization.method.PreAuthorizeAuthorizationManager.check(PreAuthorizeAuthorizationManager.java:85)
	at org.springframework.security.authorization.method.PreAuthorizeAuthorizationManager.check(PreAuthorizeAuthorizationManager.java:40)
	at org.springframework.security.authorization.method.AuthorizationManagerBeforeMethodInterceptor.attemptAuthorization(AuthorizationManagerBeforeMethodInterceptor.java:252)
	at org.springframework.security.authorization.method.AuthorizationManagerBeforeMethodInterceptor.invoke(AuthorizationManagerBeforeMethodInterceptor.java:197)
	at org.springframework.security.config.annotation.method.configuration.DeferringMethodInterceptor.invoke(DeferringMethodInterceptor.java:44)
	at org.springframework.aop.framework.ReflectiveMethodInvocation.proceed(ReflectiveMethodInvocation.java:184)
	at org.springframework.aop.framework.CglibAopProxy$CglibMethodInvocation.proceed(CglibAopProxy.java:768)
	at org.springframework.aop.framework.CglibAopProxy$DynamicAdvisedInterceptor.intercept(CglibAopProxy.java:720)
	at com.practice.QLTV.controller.UserController$$SpringCGLIB$$0.createUser(<generated>)
	at java.base/jdk.internal.reflect.DirectMethodHandleAccessor.invoke(DirectMethodHandleAccessor.java:103)
	at java.base/java.lang.reflect.Method.invoke(Method.java:580)
	at org.springframework.web.method.support.InvocableHandlerMethod.doInvoke(InvocableHandlerMethod.java:255)
	at org.springframework.web.method.support.InvocableHandlerMethod.invokeForRequest(InvocableHandlerMethod.java:188)
	at org.springframework.web.servlet.mvc.method.annotation.ServletInvocableHandlerMethod.invokeAndHandle(ServletInvocableHandlerMethod.java:118)
	at org.springframework.web.servlet.mvc.method.annotation.RequestMappingHandlerAdapter.invokeHandlerMethod(RequestMappingHandlerAdapter.java:926)
	at org.springframework.web.servlet.mvc.method.annotation.RequestMappingHandlerAdapter.handleInternal(RequestMappingHandlerAdapter.java:831)
	at org.springframework.web.servlet.mvc.method.AbstractHandlerMethodAdapter.handle(AbstractHandlerMethodAdapter.java:87)
	at org.springframework.web.servlet.DispatcherServlet.doDispatch(DispatcherServlet.java:1089)
	at org.springframework.web.servlet.DispatcherServlet.doService(DispatcherServlet.java:979)
	at org.springframework.web.servlet.FrameworkServlet.processRequest(FrameworkServlet.java:1014)
	at org.springframework.web.servlet.FrameworkServlet.doPost(FrameworkServlet.java:914)
	at jakarta.servlet.http.HttpServlet.service(HttpServlet.java:590)
	at org.springframework.web.servlet.FrameworkServlet.service(FrameworkServlet.java:885)
	at jakarta.servlet.http.HttpServlet.service(HttpServlet.java:658)
	at org.apache.catalina.core.ApplicationFilterChain.internalDoFilter(ApplicationFilterChain.java:195)
	at org.apache.catalina.core.ApplicationFilterChain.doFilter(ApplicationFilterChain.java:140)
	at org.apache.tomcat.websocket.server.WsFilter.doFilter(WsFilter.java:51)
	at org.apache.catalina.core.ApplicationFilterChain.internalDoFilter(ApplicationFilterChain.java:164)
	at org.apache.catalina.core.ApplicationFilterChain.doFilter(ApplicationFilterChain.java:140)
	at org.springframework.web.filter.CorsFilter.doFilterInternal(CorsFilter.java:91)
	at org.springframework.web.filter.OncePerRequestFilter.doFilter(OncePerRequestFilter.java:116)
	at org.apache.catalina.core.ApplicationFilterChain.internalDoFilter(ApplicationFilterChain.java:164)
	at org.apache.catalina.core.ApplicationFilterChain.doFilter(ApplicationFilterChain.java:140)
	at org.springframework.web.filter.CompositeFilter$VirtualFilterChain.doFilter(CompositeFilter.java:108)
	at org.springframework.security.web.FilterChainProxy.lambda$doFilterInternal$3(FilterChainProxy.java:231)
	at org.springframework.security.web.FilterChainProxy$VirtualFilterChain.doFilter(FilterChainProxy.java:365)
	at org.springframework.security.web.access.intercept.AuthorizationFilter.doFilter(AuthorizationFilter.java:100)
	at org.springframework.security.web.FilterChainProxy$VirtualFilterChain.doFilter(FilterChainProxy.java:374)
	at org.springframework.security.web.access.ExceptionTranslationFilter.doFilter(ExceptionTranslationFilter.java:126)
	at org.springframework.security.web.access.ExceptionTranslationFilter.doFilter(ExceptionTranslationFilter.java:120)
	at org.springframework.security.web.FilterChainProxy$VirtualFilterChain.doFilter(FilterChainProxy.java:374)
	at org.springframework.security.web.authentication.AnonymousAuthenticationFilter.doFilter(AnonymousAuthenticationFilter.java:100)
	at org.springframework.security.web.FilterChainProxy$VirtualFilterChain.doFilter(FilterChainProxy.java:374)
	at org.springframework.security.web.servletapi.SecurityContextHolderAwareRequestFilter.doFilter(SecurityContextHolderAwareRequestFilter.java:179)
	at org.springframework.security.web.FilterChainProxy$VirtualFilterChain.doFilter(FilterChainProxy.java:374)
	at org.springframework.security.web.savedrequest.RequestCacheAwareFilter.doFilter(RequestCacheAwareFilter.java:63)
	at org.springframework.security.web.FilterChainProxy$VirtualFilterChain.doFilter(FilterChainProxy.java:374)
	at org.springframework.security.oauth2.server.resource.web.authentication.BearerTokenAuthenticationFilter.doFilterInternal(BearerTokenAuthenticationFilter.java:128)
	at org.springframework.web.filter.OncePerRequestFilter.doFilter(OncePerRequestFilter.java:116)
	at org.springframework.security.web.FilterChainProxy$VirtualFilterChain.doFilter(FilterChainProxy.java:374)
	at org.springframework.security.web.authentication.logout.LogoutFilter.doFilter(LogoutFilter.java:107)
	at org.springframework.security.web.authentication.logout.LogoutFilter.doFilter(LogoutFilter.java:93)
	at org.springframework.security.web.FilterChainProxy$VirtualFilterChain.doFilter(FilterChainProxy.java:374)
	at org.springframework.security.web.header.HeaderWriterFilter.doHeadersAfter(HeaderWriterFilter.java:90)
	at org.springframework.security.web.header.HeaderWriterFilter.doFilterInternal(HeaderWriterFilter.java:75)
	at org.springframework.web.filter.OncePerRequestFilter.doFilter(OncePerRequestFilter.java:116)
	at org.springframework.security.web.FilterChainProxy$VirtualFilterChain.doFilter(FilterChainProxy.java:374)
	at org.springframework.security.web.context.SecurityContextHolderFilter.doFilter(SecurityContextHolderFilter.java:82)
	at org.springframework.security.web.context.SecurityContextHolderFilter.doFilter(SecurityContextHolderFilter.java:69)
	at org.springframework.security.web.FilterChainProxy$VirtualFilterChain.doFilter(FilterChainProxy.java:374)
	at org.springframework.security.web.context.request.async.WebAsyncManagerIntegrationFilter.doFilterInternal(WebAsyncManagerIntegrationFilter.java:62)
	at org.springframework.web.filter.OncePerRequestFilter.doFilter(OncePerRequestFilter.java:116)
	at org.springframework.security.web.FilterChainProxy$VirtualFilterChain.doFilter(FilterChainProxy.java:374)
	at org.springframework.security.web.session.DisableEncodeUrlFilter.doFilterInternal(DisableEncodeUrlFilter.java:42)
	at org.springframework.web.filter.OncePerRequestFilter.doFilter(OncePerRequestFilter.java:116)
	at org.springframework.security.web.FilterChainProxy$VirtualFilterChain.doFilter(FilterChainProxy.java:374)
	at org.springframework.security.web.FilterChainProxy.doFilterInternal(FilterChainProxy.java:233)
	at org.springframework.security.web.FilterChainProxy.doFilter(FilterChainProxy.java:191)
	at org.springframework.web.filter.CompositeFilter$VirtualFilterChain.doFilter(CompositeFilter.java:113)
	at org.springframework.web.servlet.handler.HandlerMappingIntrospector.lambda$createCacheFilter$3(HandlerMappingIntrospector.java:195)
	at org.springframework.web.filter.CompositeFilter$VirtualFilterChain.doFilter(CompositeFilter.java:113)
	at org.springframework.web.filter.CompositeFilter.doFilter(CompositeFilter.java:74)
	at org.springframework.security.config.annotation.web.configuration.WebMvcSecurityConfiguration$CompositeFilterChainProxy.doFilter(WebMvcSecurityConfiguration.java:230)
	at org.springframework.web.filter.DelegatingFilterProxy.invokeDelegate(DelegatingFilterProxy.java:352)
	at org.springframework.web.filter.DelegatingFilterProxy.doFilter(DelegatingFilterProxy.java:268)
	at org.apache.catalina.core.ApplicationFilterChain.internalDoFilter(ApplicationFilterChain.java:164)
	at org.apache.catalina.core.ApplicationFilterChain.doFilter(ApplicationFilterChain.java:140)
	at org.springframework.web.filter.RequestContextFilter.doFilterInternal(RequestContextFilter.java:100)
	at org.springframework.web.filter.OncePerRequestFilter.doFilter(OncePerRequestFilter.java:116)
	at org.apache.catalina.core.ApplicationFilterChain.internalDoFilter(ApplicationFilterChain.java:164)
	at org.apache.catalina.core.ApplicationFilterChain.doFilter(ApplicationFilterChain.java:140)
	at org.springframework.web.filter.FormContentFilter.doFilterInternal(FormContentFilter.java:93)
	at org.springframework.web.filter.OncePerRequestFilter.doFilter(OncePerRequestFilter.java:116)
	at org.apache.catalina.core.ApplicationFilterChain.internalDoFilter(ApplicationFilterChain.java:164)
	at org.apache.catalina.core.ApplicationFilterChain.doFilter(ApplicationFilterChain.java:140)
	at org.springframework.web.filter.CharacterEncodingFilter.doFilterInternal(CharacterEncodingFilter.java:201)
	at org.springframework.web.filter.OncePerRequestFilter.doFilter(OncePerRequestFilter.java:116)
	at org.apache.catalina.core.ApplicationFilterChain.internalDoFilter(ApplicationFilterChain.java:164)
	at org.apache.catalina.core.ApplicationFilterChain.doFilter(ApplicationFilterChain.java:140)
	at org.apache.catalina.core.StandardWrapperValve.invoke(StandardWrapperValve.java:167)
	at org.apache.catalina.core.StandardContextValve.invoke(StandardContextValve.java:90)
	at org.apache.catalina.authenticator.AuthenticatorBase.invoke(AuthenticatorBase.java:483)
	at org.apache.catalina.core.StandardHostValve.invoke(StandardHostValve.java:115)
	at org.apache.catalina.valves.ErrorReportValve.invoke(ErrorReportValve.java:93)
	at org.apache.catalina.core.StandardEngineValve.invoke(StandardEngineValve.java:74)
	at org.apache.catalina.connector.CoyoteAdapter.service(CoyoteAdapter.java:344)
	at org.apache.coyote.http11.Http11Processor.service(Http11Processor.java:384)
	at org.apache.coyote.AbstractProcessorLight.process(AbstractProcessorLight.java:63)
	at org.apache.coyote.AbstractProtocol$ConnectionHandler.process(AbstractProtocol.java:905)
	at org.apache.tomcat.util.net.NioEndpoint$SocketProcessor.doRun(NioEndpoint.java:1741)
	at org.apache.tomcat.util.net.SocketProcessorBase.run(SocketProcessorBase.java:52)
	at org.apache.tomcat.util.threads.ThreadPoolExecutor.runWorker(ThreadPoolExecutor.java:1190)
	at org.apache.tomcat.util.threads.ThreadPoolExecutor$Worker.run(ThreadPoolExecutor.java:659)
	at org.apache.tomcat.util.threads.TaskThread$WrappingRunnable.run(TaskThread.java:63)
	at java.base/java.lang.Thread.run(Thread.java:1583)
Caused by: org.springframework.expression.spel.SpelEvaluationException: EL1004E: Method call: Method fileRole(org.springframework.security.web.servletapi.HttpServlet3RequestFactory$Servlet3SecurityContextHolderAwareRequestWrapper) cannot be found on type org.springframework.security.access.expression.method.MethodSecurityExpressionRoot
	at org.springframework.expression.spel.ast.MethodReference.findAccessorForMethod(MethodReference.java:238)
	at org.springframework.expression.spel.ast.MethodReference.getValueInternal(MethodReference.java:148)
	at org.springframework.expression.spel.ast.MethodReference.getValueInternal(MethodReference.java:108)
	at org.springframework.expression.spel.ast.SpelNodeImpl.getValue(SpelNodeImpl.java:114)
	at org.springframework.expression.spel.standard.SpelExpression.getValue(SpelExpression.java:273)
	at org.springframework.security.authorization.method.ExpressionUtils.evaluate(ExpressionUtils.java:32)
	... 105 common frames omitted
2025-03-06 10:28:22.898 [SpringApplicationShutdownHook] INFO  o.s.o.j.LocalContainerEntityManagerFactoryBean - Closing JPA EntityManagerFactory for persistence unit 'default'
2025-03-06 10:28:22.900 [SpringApplicationShutdownHook] INFO  com.zaxxer.hikari.HikariDataSource - HikariPool-1 - Shutdown initiated...
2025-03-06 10:28:22.910 [SpringApplicationShutdownHook] INFO  com.zaxxer.hikari.HikariDataSource - HikariPool-1 - Shutdown completed.
2025-03-06 10:34:36.566 [main] INFO  com.practice.QLTV.QltvApplication - Starting QltvApplication using Java 21.0.5 with PID 12320 (D:\Work\Task\QLTV\target\classes started by ACER in D:\Work\Task\QLTV)
2025-03-06 10:34:36.567 [main] DEBUG com.practice.QLTV.QltvApplication - Running with Spring Boot v3.3.4, Spring v6.1.13
2025-03-06 10:34:36.568 [main] INFO  com.practice.QLTV.QltvApplication - No active profile set, falling back to 1 default profile: "default"
2025-03-06 10:34:37.919 [main] INFO  o.s.d.r.c.RepositoryConfigurationDelegate - Bootstrapping Spring Data JPA repositories in DEFAULT mode.
2025-03-06 10:34:38.053 [main] INFO  o.s.d.r.c.RepositoryConfigurationDelegate - Finished Spring Data repository scanning in 116 ms. Found 9 JPA repository interfaces.
2025-03-06 10:34:39.383 [main] INFO  o.s.b.w.e.tomcat.TomcatWebServer - Tomcat initialized with port 6060 (http)
2025-03-06 10:34:39.406 [main] INFO  o.a.coyote.http11.Http11NioProtocol - Initializing ProtocolHandler ["http-nio-6060"]
2025-03-06 10:34:39.419 [main] INFO  o.a.catalina.core.StandardService - Starting service [Tomcat]
2025-03-06 10:34:39.419 [main] INFO  o.a.catalina.core.StandardEngine - Starting Servlet engine: [Apache Tomcat/10.1.30]
2025-03-06 10:34:39.517 [main] INFO  o.a.c.c.C.[.[localhost].[/QLTV] - Initializing Spring embedded WebApplicationContext
2025-03-06 10:34:39.518 [main] INFO  o.s.b.w.s.c.ServletWebServerApplicationContext - Root WebApplicationContext: initialization completed in 2881 ms
2025-03-06 10:34:40.130 [main] INFO  o.h.jpa.internal.util.LogHelper - HHH000204: Processing PersistenceUnitInfo [name: default]
2025-03-06 10:34:40.268 [main] INFO  org.hibernate.Version - HHH000412: Hibernate ORM core version 6.5.3.Final
2025-03-06 10:34:40.313 [main] INFO  o.h.c.i.RegionFactoryInitiator - HHH000026: Second-level cache disabled
2025-03-06 10:34:40.794 [main] INFO  o.s.o.j.p.SpringPersistenceUnitInfo - No LoadTimeWeaver setup: ignoring JPA class transformer
2025-03-06 10:34:40.838 [main] INFO  com.zaxxer.hikari.HikariDataSource - HikariPool-1 - Starting...
2025-03-06 10:34:41.324 [main] INFO  com.zaxxer.hikari.pool.HikariPool - HikariPool-1 - Added connection com.mysql.cj.jdbc.ConnectionImpl@b849fa6
2025-03-06 10:34:41.327 [main] INFO  com.zaxxer.hikari.HikariDataSource - HikariPool-1 - Start completed.
2025-03-06 10:34:41.386 [main] WARN  org.hibernate.orm.deprecation - HHH90000025: MySQL8Dialect does not need to be specified explicitly using 'hibernate.dialect' (remove the property setting and it will be selected by default)
2025-03-06 10:34:41.387 [main] WARN  org.hibernate.orm.deprecation - HHH90000026: MySQL8Dialect has been deprecated; use org.hibernate.dialect.MySQLDialect instead
2025-03-06 10:34:42.849 [main] INFO  o.h.e.t.j.p.i.JtaPlatformInitiator - HHH000489: No JTA platform available (set 'hibernate.transaction.jta.platform' to enable JTA platform integration)
2025-03-06 10:34:42.933 [main] INFO  o.s.o.j.LocalContainerEntityManagerFactoryBean - Initialized JPA EntityManagerFactory for persistence unit 'default'
2025-03-06 10:34:43.258 [main] INFO  o.s.d.j.r.query.QueryEnhancerFactory - Hibernate is in classpath; If applicable, HQL parser will be used.
2025-03-06 10:34:45.243 [main] WARN  o.s.b.a.o.j.JpaBaseConfiguration$JpaWebConfiguration - spring.jpa.open-in-view is enabled by default. Therefore, database queries may be performed during view rendering. Explicitly configure spring.jpa.open-in-view to disable this warning
2025-03-06 10:34:45.442 [main] WARN  o.s.b.w.s.c.AnnotationConfigServletWebServerApplicationContext - Exception encountered during context initialization - cancelling refresh attempt: org.springframework.beans.factory.BeanCreationException: Error creating bean with name 'org.springframework.security.config.annotation.web.configuration.WebSecurityConfiguration': Injection of autowired dependencies failed
2025-03-06 10:34:45.444 [main] INFO  o.s.o.j.LocalContainerEntityManagerFactoryBean - Closing JPA EntityManagerFactory for persistence unit 'default'
2025-03-06 10:34:45.446 [main] INFO  com.zaxxer.hikari.HikariDataSource - HikariPool-1 - Shutdown initiated...
2025-03-06 10:34:45.470 [main] INFO  com.zaxxer.hikari.HikariDataSource - HikariPool-1 - Shutdown completed.
2025-03-06 10:34:45.472 [main] INFO  o.a.catalina.core.StandardService - Stopping service [Tomcat]
2025-03-06 10:34:45.498 [main] INFO  o.s.b.a.l.ConditionEvaluationReportLogger - 

Error starting ApplicationContext. To display the condition evaluation report re-run your application with 'debug' enabled.
2025-03-06 10:34:45.521 [main] ERROR o.s.boot.SpringApplication - Application run failed
org.springframework.beans.factory.BeanCreationException: Error creating bean with name 'org.springframework.security.config.annotation.web.configuration.WebSecurityConfiguration': Injection of autowired dependencies failed
	at org.springframework.beans.factory.annotation.AutowiredAnnotationBeanPostProcessor.postProcessProperties(AutowiredAnnotationBeanPostProcessor.java:515)
	at org.springframework.beans.factory.support.AbstractAutowireCapableBeanFactory.populateBean(AbstractAutowireCapableBeanFactory.java:1439)
	at org.springframework.beans.factory.support.AbstractAutowireCapableBeanFactory.doCreateBean(AbstractAutowireCapableBeanFactory.java:599)
	at org.springframework.beans.factory.support.AbstractAutowireCapableBeanFactory.createBean(AbstractAutowireCapableBeanFactory.java:522)
	at org.springframework.beans.factory.support.AbstractBeanFactory.lambda$doGetBean$0(AbstractBeanFactory.java:337)
	at org.springframework.beans.factory.support.DefaultSingletonBeanRegistry.getSingleton(DefaultSingletonBeanRegistry.java:234)
	at org.springframework.beans.factory.support.AbstractBeanFactory.doGetBean(AbstractBeanFactory.java:335)
	at org.springframework.beans.factory.support.AbstractBeanFactory.getBean(AbstractBeanFactory.java:200)
	at org.springframework.beans.factory.support.DefaultListableBeanFactory.preInstantiateSingletons(DefaultListableBeanFactory.java:975)
	at org.springframework.context.support.AbstractApplicationContext.finishBeanFactoryInitialization(AbstractApplicationContext.java:971)
	at org.springframework.context.support.AbstractApplicationContext.refresh(AbstractApplicationContext.java:625)
	at org.springframework.boot.web.servlet.context.ServletWebServerApplicationContext.refresh(ServletWebServerApplicationContext.java:146)
	at org.springframework.boot.SpringApplication.refresh(SpringApplication.java:754)
	at org.springframework.boot.SpringApplication.refreshContext(SpringApplication.java:456)
	at org.springframework.boot.SpringApplication.run(SpringApplication.java:335)
	at org.springframework.boot.SpringApplication.run(SpringApplication.java:1363)
	at org.springframework.boot.SpringApplication.run(SpringApplication.java:1352)
	at com.practice.QLTV.QltvApplication.main(QltvApplication.java:10)
Caused by: java.lang.RuntimeException: Could not postProcess org.springframework.security.config.annotation.web.builders.WebSecurity@3f3e21d7 of type class org.springframework.security.config.annotation.web.builders.WebSecurity
	at org.springframework.security.config.annotation.configuration.AutowireBeanFactoryObjectPostProcessor.postProcess(AutowireBeanFactoryObjectPostProcessor.java:71)
	at org.springframework.security.config.annotation.web.configuration.WebSecurityConfiguration.setFilterChainProxySecurityConfigurer(WebSecurityConfiguration.java:148)
	at java.base/jdk.internal.reflect.DirectMethodHandleAccessor.invoke(DirectMethodHandleAccessor.java:103)
	at java.base/java.lang.reflect.Method.invoke(Method.java:580)
	at org.springframework.beans.factory.annotation.AutowiredAnnotationBeanPostProcessor$AutowiredMethodElement.inject(AutowiredAnnotationBeanPostProcessor.java:854)
	at org.springframework.beans.factory.annotation.InjectionMetadata.inject(InjectionMetadata.java:145)
	at org.springframework.beans.factory.annotation.AutowiredAnnotationBeanPostProcessor.postProcessProperties(AutowiredAnnotationBeanPostProcessor.java:509)
	... 17 common frames omitted
Caused by: org.springframework.beans.factory.UnsatisfiedDependencyException: Error creating bean with name 'customPermissionEvaluator' defined in class path resource [com/practice/QLTV/configuration/SecurityConfig.class]: Unsatisfied dependency expressed through method 'customPermissionEvaluator' parameter 0: Error creating bean with name 'roleProperties' defined in class path resource [com/practice/QLTV/configuration/SecurityConfig.class]: Failed to instantiate [java.util.Properties]: Factory method 'roleProperties' threw exception with message: class path resource [roles.properties] cannot be opened because it does not exist
	at org.springframework.beans.factory.support.ConstructorResolver.createArgumentArray(ConstructorResolver.java:795)
	at org.springframework.beans.factory.support.ConstructorResolver.instantiateUsingFactoryMethod(ConstructorResolver.java:542)
	at org.springframework.beans.factory.support.AbstractAutowireCapableBeanFactory.instantiateUsingFactoryMethod(AbstractAutowireCapableBeanFactory.java:1355)
	at org.springframework.beans.factory.support.AbstractAutowireCapableBeanFactory.createBeanInstance(AbstractAutowireCapableBeanFactory.java:1185)
	at org.springframework.beans.factory.support.AbstractAutowireCapableBeanFactory.doCreateBean(AbstractAutowireCapableBeanFactory.java:562)
	at org.springframework.beans.factory.support.AbstractAutowireCapableBeanFactory.createBean(AbstractAutowireCapableBeanFactory.java:522)
	at org.springframework.beans.factory.support.AbstractBeanFactory.lambda$doGetBean$0(AbstractBeanFactory.java:337)
	at org.springframework.beans.factory.support.DefaultSingletonBeanRegistry.getSingleton(DefaultSingletonBeanRegistry.java:234)
	at org.springframework.beans.factory.support.AbstractBeanFactory.doGetBean(AbstractBeanFactory.java:335)
	at org.springframework.beans.factory.support.AbstractBeanFactory.getBean(AbstractBeanFactory.java:225)
	at org.springframework.beans.factory.support.DefaultListableBeanFactory.resolveNamedBean(DefaultListableBeanFactory.java:1323)
	at org.springframework.beans.factory.support.DefaultListableBeanFactory.resolveNamedBean(DefaultListableBeanFactory.java:1284)
	at org.springframework.beans.factory.support.DefaultListableBeanFactory.resolveBean(DefaultListableBeanFactory.java:486)
	at org.springframework.beans.factory.support.DefaultListableBeanFactory.getBean(DefaultListableBeanFactory.java:341)
	at org.springframework.beans.factory.support.DefaultListableBeanFactory.getBean(DefaultListableBeanFactory.java:334)
	at org.springframework.context.support.AbstractApplicationContext.getBean(AbstractApplicationContext.java:1261)
	at org.springframework.security.config.annotation.web.builders.WebSecurity.setApplicationContext(WebSecurity.java:375)
	at org.springframework.context.support.ApplicationContextAwareProcessor.invokeAwareInterfaces(ApplicationContextAwareProcessor.java:110)
	at org.springframework.context.support.ApplicationContextAwareProcessor.postProcessBeforeInitialization(ApplicationContextAwareProcessor.java:85)
	at org.springframework.beans.factory.support.AbstractAutowireCapableBeanFactory.applyBeanPostProcessorsBeforeInitialization(AbstractAutowireCapableBeanFactory.java:422)
	at org.springframework.beans.factory.support.AbstractAutowireCapableBeanFactory.initializeBean(AbstractAutowireCapableBeanFactory.java:1798)
	at org.springframework.beans.factory.support.AbstractAutowireCapableBeanFactory.initializeBean(AbstractAutowireCapableBeanFactory.java:412)
	at org.springframework.security.config.annotation.configuration.AutowireBeanFactoryObjectPostProcessor.initializeBeanIfNeeded(AutowireBeanFactoryObjectPostProcessor.java:98)
	at org.springframework.security.config.annotation.configuration.AutowireBeanFactoryObjectPostProcessor.postProcess(AutowireBeanFactoryObjectPostProcessor.java:67)
	... 23 common frames omitted
Caused by: org.springframework.beans.factory.BeanCreationException: Error creating bean with name 'roleProperties' defined in class path resource [com/practice/QLTV/configuration/SecurityConfig.class]: Failed to instantiate [java.util.Properties]: Factory method 'roleProperties' threw exception with message: class path resource [roles.properties] cannot be opened because it does not exist
	at org.springframework.beans.factory.support.ConstructorResolver.instantiate(ConstructorResolver.java:648)
	at org.springframework.beans.factory.support.ConstructorResolver.instantiateUsingFactoryMethod(ConstructorResolver.java:636)
	at org.springframework.beans.factory.support.AbstractAutowireCapableBeanFactory.instantiateUsingFactoryMethod(AbstractAutowireCapableBeanFactory.java:1355)
	at org.springframework.beans.factory.support.AbstractAutowireCapableBeanFactory.createBeanInstance(AbstractAutowireCapableBeanFactory.java:1185)
	at org.springframework.beans.factory.support.AbstractAutowireCapableBeanFactory.doCreateBean(AbstractAutowireCapableBeanFactory.java:562)
	at org.springframework.beans.factory.support.AbstractAutowireCapableBeanFactory.createBean(AbstractAutowireCapableBeanFactory.java:522)
	at org.springframework.beans.factory.support.AbstractBeanFactory.lambda$doGetBean$0(AbstractBeanFactory.java:337)
	at org.springframework.beans.factory.support.DefaultSingletonBeanRegistry.getSingleton(DefaultSingletonBeanRegistry.java:234)
	at org.springframework.beans.factory.support.AbstractBeanFactory.doGetBean(AbstractBeanFactory.java:335)
	at org.springframework.beans.factory.support.AbstractBeanFactory.getBean(AbstractBeanFactory.java:200)
	at org.springframework.beans.factory.config.DependencyDescriptor.resolveCandidate(DependencyDescriptor.java:254)
	at org.springframework.beans.factory.support.DefaultListableBeanFactory.doResolveDependency(DefaultListableBeanFactory.java:1443)
	at org.springframework.beans.factory.support.DefaultListableBeanFactory.resolveDependency(DefaultListableBeanFactory.java:1353)
	at org.springframework.beans.factory.support.ConstructorResolver.resolveAutowiredArgument(ConstructorResolver.java:904)
	at org.springframework.beans.factory.support.ConstructorResolver.createArgumentArray(ConstructorResolver.java:782)
	... 46 common frames omitted
Caused by: org.springframework.beans.BeanInstantiationException: Failed to instantiate [java.util.Properties]: Factory method 'roleProperties' threw exception with message: class path resource [roles.properties] cannot be opened because it does not exist
	at org.springframework.beans.factory.support.SimpleInstantiationStrategy.instantiate(SimpleInstantiationStrategy.java:178)
	at org.springframework.beans.factory.support.ConstructorResolver.instantiate(ConstructorResolver.java:644)
	... 60 common frames omitted
Caused by: java.io.FileNotFoundException: class path resource [roles.properties] cannot be opened because it does not exist
	at org.springframework.core.io.ClassPathResource.getInputStream(ClassPathResource.java:215)
	at com.practice.QLTV.configuration.SecurityConfig.roleProperties(SecurityConfig.java:96)
	at com.practice.QLTV.configuration.SecurityConfig$$SpringCGLIB$$0.CGLIB$roleProperties$2(<generated>)
	at com.practice.QLTV.configuration.SecurityConfig$$SpringCGLIB$$FastClass$$1.invoke(<generated>)
	at org.springframework.cglib.proxy.MethodProxy.invokeSuper(MethodProxy.java:258)
	at org.springframework.context.annotation.ConfigurationClassEnhancer$BeanMethodInterceptor.intercept(ConfigurationClassEnhancer.java:348)
	at com.practice.QLTV.configuration.SecurityConfig$$SpringCGLIB$$0.roleProperties(<generated>)
	at java.base/jdk.internal.reflect.DirectMethodHandleAccessor.invoke(DirectMethodHandleAccessor.java:103)
	at java.base/java.lang.reflect.Method.invoke(Method.java:580)
	at org.springframework.beans.factory.support.SimpleInstantiationStrategy.instantiate(SimpleInstantiationStrategy.java:146)
	... 61 common frames omitted
